DATE,TITLE,MAIN_NEWS,SOURCE_URL,tokens
19/07/2020,"ड्युटीमा खटिएका प्रहरीमाथि हातपात, एकजना घाइते",सांकेतिक तस्वीर । काठमाडौं- काठमाडौंमा ड्युटीमा रहेका प्रहरीमाथि हातपात भएको छ । काठमाडौं महानगरपालिका ३१ स्थित ठुलो खरिबोटस्थित ड्युटीमा खटिएका प्रहरीमाथी हातपात भएको हो । हातपातका क्रममा एक प्रहरी घाइते भएका छन् । उनको नयाँ बानेश्वरस्थित सिभिल अस्पतालमा उपचार भइरहेको प्रहरीले जनाएको छ । हातपात गर्ने कार्यमा संग्लन १९ वर्षीय कुमार रोक्कालगायत २ जनालाई गएराति प्रहरीले पक्राउ गरेको छ । उक्त स्थानमा मादक पदार्थ सेवन गरी हो–हल्ला गर्दै हिँड्दा देउराली बीटबाट खटिएको प्रहरीले सम्झाई बुझाई गर्दा उनीहरुले प्रहरी टोली माथिनै गाली गलौज गरी हातपात गरेको प्रहरीले जनाएको छ । ,https://www.khabarhub.com/2020/19/184425/,"सांकेतिक,तस्वीर,काठमाडौं,काठमाडौं,ड्युटी,रहे,प्रहरी,हातपात,काठमाडौं,महानगरपालि,ठुलो,खरिबोट,ड्युटी,खटिए,प्रहरी,हातपात,हातपात,क्रम,प्रहरी,घाइते,उन,बानेश्वर,सिभिल,अस्पताल,उपचार,भइ,प्रहरी,जनाए,हातपात,कार्य,संग्लन,वर्षीय,कुमार,रोक्का,गएराति,प्रहरी,पक्राउ,स्थान,मादक,पदार्थ,सेवन,हल्ला,हिँड्दा,देउराली,बीट,खटिए,प्रहरी,सम्झाई,बुझाई,प्रहरी,टोली,माथिनै,गाली,गलौज,हातपात,प्रहरी,जनाए"
16/07/2020,कर्मचारी निकालिएको भन्दै नेपाल मेडिकल कलेजमा तालाबन्दी," काठमाडौं – नेपाल मेडिकल कलेज शिक्षण अस्पतालले करार सेवामा कार्यरत कर्मचारीलाई रोजगारीबाट निकालेको विरोधमा स्वतन्त्र कर्मचारी युनियनले अस्पतालको प्रशासन शाखामा ताला लगाइदिएको छ । युनियनले आज एक वक्तव्य जारी गर्दै अस्पतालमा कार्यरत करार कर्मचारीलाई निकाल्नु खेदजनक भएको र ताला लागाउन बाध्य भएको जनाएको छ । युनियनका सचिव उमेश कार्कीले अस्पताल व्यवस्थापन र युनियनबीच भएको लिखित सम्झौताअनुसार कुनै पनि माग अस्पताल प्रशासनले कार्यान्वयन नगरेकाले ताला लगाइएको बताए । “अस्पतालमा कार्यरत करार सेवाका कर्मचारीलाई गत असार ३१ गतेदेखि रोजगारीबाट निकालिएको आधिकारिक जानकारीपछि आन्दोलन गर्न बाध्य भएका हौँ । महामारीका समयमा रोजगारी खोसिनु राम्रो होइन । छिटोभन्दा छिटो उनीहरुको पुनःबहाली गर्नुपर्ने हाम्रो माग छ,” उनले भने । ",https://www.khabarhub.com/2020/16/183662/,"काठमाडौं,मेडिकल,कलेज,शिक्षण,अस्पताल,करार,सेवा,कार्यरत,कर्मचारी,रोजगारी,निकाले,विरोध,स्वतन्त्र,कर्मचारी,युनियन,अस्पताल,प्रशासन,शाखा,ताला,लगाइदिए,युनियन,वक्तव्य,जारी,अस्पताल,कार्यरत,करार,कर्मचारी,निकाल्नु,खेदजनक,ताला,लागाउन,बाध्य,जनाए,युनियन,सचिव,उमेश,कार्की,अस्पताल,व्यवस्थापन,युनियन,लिखित,सम्झौता,माग,अस्पताल,प्रशासन,कार्यान्वयन,नगरेका,ताला,लगाइए,“अस्पतालमा,कार्यरत,करार,सेवा,कर्मचारी,गत,असार,गते,रोजगारी,निकालिए,आधिकारिक,जानकारी,आन्दोलन,बाध्य,हौँ,महामारी,रोजगारी,खोसिनु,छिटो,छिटो,पुनःबहाली,माग,”,उन"
07/07/2020,बन्दाबन्दीमा निजी विद्यालयले शुल्क मागेको भन्दै विरोध," काठमाडौं- बन्दाबन्दीको बेलामा पनि निजी विद्यालयले अभिभावकलाई शुल्क तिर्न दबाब दिएको भन्दै अधिकारकर्मी र अभियन्ताहरुले यसको विरोध गरेका छन् । लकडाउनका कारण सबै क्षेत्र प्रभावित बनेको र त्यसबाट अभिभावक पनि अछूतो नरहेको उनीहरुको भनाइ छ । मानवअधिकारकर्मी इन्द्रप्रसाद अर्यालले बन्दाबन्दीको समयमा पनि अभिभावकसँग निजी विद्यालयले शुल्क असुल्न खोज्नु जायज नहुने उल्लेख गर्दै त्यसका विरुद्ध सम्बन्धित सबै पक्ष एकजुट हुनुपर्ने बताए । उनले भने, “कोभिड–१९ को कारणले हरेक क्षेत्रलाई समस्या परेको छ, तर निजी विद्यालयले शुल्क तिर्न अभिभावकलाई दिएको दबाब हेर्दा सामान्य जीवन चलाउने अभिभावकलाई असर नै परेको छैन भन्ने बुझाइ देखियो, त्यही भएर शुल्क मागियो, यो गलत छ, राज्यले समेत अभिभावक समस्यामा छन् भन्ने बिर्सियो ।” वरिष्ठ अधिवक्ता डा दिनेश त्रिपाठीले बन्दाबन्दीका कारण ज्यालादारीलगायत सबै क्षेत्रका मान्छेहरु बेरोजगार भएको अवस्थामा निजी विद्यालयले शुल्क उठाउनु उचित नहुने बताए । उनले भने, “माध्यमिक तह सम्मको शिक्षा निःशुल्क गरिने कुरा संविधानमै लेखिएको छ, संविधान कार्यान्वयन हुनुपर्छ, तर शिक्षाको नाममा हाम्रो देशमा ठूलो व्यापार भएको छ । राज्यले खर्बौंको लगानी शिक्षामा गरेको छ । तर यो लगानी खेर गएको छ ।” शिक्षा अभियानका संयोजक ज्ञानेन्द्र शाहीले लकडाउनको बेलामा मारमा परेका अभिभावकको ढाड सेक्ने गरी शुल्क तिर्न दबाब दिइनु अन्यायपूर्ण कदम भएको बताए ।",https://www.khabarhub.com/2020/07/181277/,"काठमाडौं,बन्दाबन्दी,बेला,निजी,विद्यालय,अभिभावक,शुल्क,तिर्न,दबाब,अधिकारकर्मी,अभियन्ता,विरोध,लकडाउन,क्षेत्र,प्रभावित,अभिभावक,अछूतो,नरहे,भनाइ,मानवअधिकारकर्मी,इन्द्रप्रसाद,अर्याल,बन्दाबन्दी,अभिभावक,निजी,विद्यालय,शुल्क,असुल्न,खोज्नु,जायज,नहुने,उल्लेख,सम्बन्धित,पक्ष,एकजुट,उन,“कोभिड,क्षेत्र,समस्या,परे,निजी,विद्यालय,शुल्क,तिर्न,अभिभावक,दबाब,हेर्दा,सामान्य,जीवन,चलाउने,अभिभावक,असर,परे,बुझाइ,शुल्क,मागियो,गलत,राज्य,अभिभावक,समस्या,बिर्सियो,”,वरिष्ठ,अधिवक्ता,डा,दिनेश,त्रिपाठी,बन्दाबन्दी,ज्यालादारी,क्षेत्र,मान्छे,बेरोजगार,निजी,विद्यालय,शुल्क,उठाउनु,उचित,नहुने,उन,“माध्यमिक,तह,शिक्षा,निःशुल्क,गरिने,संविधान,लेखिए,संविधान,कार्यान्वयन,हुनुपर्छ,शिक्षा,नाम,देश,व्यापार,राज्य,खर्बौं,लगानी,शिक्षा,लगानी,खेर,”,शिक्षा,अभियान,संयोजक,ज्ञानेन्द्र,शाही,लकडाउन,बेला,मार,परे,अभिभावक,ढाड,सेक्ने,शुल्क,तिर्न,दबाब,दिइनु,अन्याय,कदम"
06/07/2020,विप्लव समूहका पूर्वभोजपुर सेक्रेटरी पक्राउ, भोजपुर- नेत्र विक्रम चन्द ‘विप्लव’ समूहका पूर्वभोजपुर जिल्ला सेक्रेटरी पक्राउ परेका छन् । जिल्ला प्रहरी कार्यालय भोजपुरले टेम्केमैयुङ गाउँपालिका –८ गोगनेको खनियाखर्कबाट मादेन भनिने मोहन राईलाई पक्राउ गरेको हो । संगठित तथा विष्फोटक पदार्थ सम्बन्धी कसुर मुद्दामा सग्लन भई फरार रहेका राईलाई आइतबार प्रक्राउ गरेर आज सार्वजनिक गरेको हो । राईलाई विषेश सूचनाको आधारमा पक्राउ गरेको प्रहरीले जनाएको छ । त्यस्तै प्रहरीले भोजपुरको हतुवागढी गाउँपालिका –९ हम्बफाबाट १३ किलो ४०० ग्राम गाँजा बरामद गरेको छ । गोप्य सूचनाको आधारमा स्थानीय जस बहादुर राईको घर खानखलासी गर्दा गाँजा फेला परेको प्रहरीको भनाइ छ । घरधनी राई फरार रहेकोले खोजी भइरहेको जिल्ला प्रहरी कार्यालय भोजपुरका सूचना अधिकारी प्रदीप लामाले जानकारी दिए ।,https://www.khabarhub.com/2020/06/180830/,"नेत्र,विक्रम,चन्द,विप्लव,समूह,पूर्वभोजपुर,सेक्रेटरी,पक्राउ,परे,प्रहरी,कार्यालय,टेम्केमैयुङ,गाउँपालि,गोगने,खनियाखर्क,मादेन,भनिने,मोहन,राई,पक्राउ,संगठित,विष्फोटक,पदार्थ,कसुर,मुद्दा,सग्लन,भई,फरार,रहे,राई,आइतबार,प्रक्राउ,सार्वजनिक,राई,विषेश,सूचना,आधार,पक्राउ,प्रहरी,जनाए,प्रहरी,हतुवागढी,गाउँपालि,हम्बफा,किलो,ग्राम,गाँजा,बरामद,गोप्य,सूचना,आधार,स्थानीय,जस,बहादुर,राई,खानखलासी,गाँजा,फेला,परे,प्रहरी,भनाइ,घरधनी,राई,फरार,खोजी,भइ,प्रहरी,कार्यालय,सूचना,अधिकारी,प्रदीप,लामा,जानकारी"
06/07/2020,प्रधानमन्त्री ओलीको समर्थनमा भएको प्रदर्शनमा जे देखियो (फोटो फिचर)," काठमाडौं- नेपाल कम्युनिस्ट पार्टी (नेकपा) का अध्यक्ष पुष्पकमल दाहाल प्रचण्डको गृह जिल्ला चितवनमा प्रधानमन्त्री केपी शर्मा ओलीको समर्थनमा प्रर्दशन भएको छ । युवा तथा विद्यार्थीहरुले प्रधानमन्त्री ओलीको समर्थमा प्रदर्शन गरेका हुन् । भरतपुरको चौबिसकोठीमा गरिएको प्रर्दशनमा ठूलो संख्यामा युवाहरुको सहभागिता रहेको थियो । पार्टीभित्र ओलीलाई प्रधानमन्त्री र अध्यक्ष दुवै पदबाट राजीनामा दिनुपर्ने माग स्थायी समितिमा उठिरहेको बेला प्रधानमन्त्री ओलीको समर्थनमा युवा तथा विद्यार्थीहरुले प्रदर्शन गरेका हुन् ।  प्रदर्शनमा सहभागीले ‘सरकार ढाल्न पाइँदैन’, ‘आज होइन भोलिलाई, हाम्रो समर्थन ओलीलाई’ ‘ओली सिध्याउन किन यत्रो जोड, भारतीय विस्तारबाद नेपाल छोड’ लगायतका नारा लगाएका थिए । शुक्रबार प्रधानमन्त्री ओलीको गृह जिल्ला झापा, भक्तपुर र पोखरामा पनि ओलीको समर्थनमा प्रदर्शन गरिएको छ । भक्तपुरमा ओलीको समर्थनमा निस्किएको जुलुस ",https://www.khabarhub.com/2020/03/180092/,"काठमाडौं,कम्युनिस्ट,पार्टी,नेकपा,अध्यक्ष,पुष्पकमल,दाहाल,प्रचण्ड,गृह,प्रधानमन्त्री,केपी,शर्मा,ओली,समर्थन,प्रर्दशन,युवा,विद्यार्थी,प्रधानमन्त्री,ओली,समर्थ,प्रदर्शन,भरतपुर,चौबिसकोठी,गरिए,प्रर्दशन,संख्या,युवा,सहभागिता,रहे,पार्टी,ओली,प्रधानमन्त्री,अध्यक्ष,दुवै,पद,राजीना,दिनु,माग,स्थायी,समिति,उठि,बेला,प्रधानमन्त्री,ओली,समर्थन,युवा,विद्यार्थी,प्रदर्शन,प्रदर्शन,सहभागी,सरकार,ढाल्न,पाइँदैन,भोलि,समर्थन,ओली,ओली,सिध्याउन,यत्रो,जोड,भारतीय,विस्तारबाद,छोड,नारा,लगाए,शुक्रबार,प्रधानमन्त्री,ओली,गृह,पोखरा,ओली,समर्थन,प्रदर्शन,गरिए,ओली,समर्थन,निस्किए,जुलुस"
05/07/2020,गोरखामा कोरोनाले मृत्यु भएका पुरुषको शव व्यवस्थापनमा अवरोध, गोरखा- गाेरखामा कोरोना सङ्क्रमणपछि मुत्यु भएका पुरुषको शव व्यवस्थापनमा स्थानीय बासिन्दाले अवरोध गरेका छन् । पालुङटार नगरपालिका ७ का एक पुरुषको आज बिहान गोरखा अस्पतालमा मृत्यु भएको थियो । उनको शव गोरखा नगरपालिका वडा नम्बर १२ र शहीद लखन गाउँपालिका १ काे सीमा लुदी खोलाको दोभानमा व्यवस्थापन गर्ने जिल्ला सुरक्षा समितिले निर्णय गरेको थियो । तर दुवै नगरपालिका स्थानीयले दिनभर शव व्यवस्थापनमा अवरोध गरेका छन् । प्रहरीले तीन घण्टाकाे अवरोध हटाएपछि शव व्यवस्थापन टोलीले खाल्डो खनेको भए पनि स्थानीयको विरोधको व्यवस्थापनमा समस्या उब्जिएको हो । प्रहरीले बल प्रयोग गरेर स्थानीयलाई हटाउने र शव व्यवस्थापन गर्ने तयारी गरेको छ । कोरोनाले मृत्यु भएका व्यक्तिको शव व्यवस्थापनमा अवरोध हुँदा प्रहरीले लाठीचार्ज समेत गरेको छ । नेपाली सेनाको विशेष टोलीले शव व्यवस्थापनमा जुटेको छ । शव व्यवस्थापनमा अवरोध गर्नेलाई लक्षित गरेर प्रहरीले सुरुमा चार सेल अश्रुग्यास प्रहार गरेको जनाइएको छ । असार १७ गते कतारबाट नेपाल आएका उनको उपचारको क्रममा शनिबार बिहान ५ बजे गोरखा अस्पतालमा मृत्यु भएको थियो। सरकारले संक्रमितको मृत्यु भएपछि जतिसक्दो चाँडो मापदण्ड पूरा गरेर शव व्यवस्थापन गर्नुपर्ने निर्देशिकामा उल्लेख छ। ,https://www.khabarhub.com/2020/04/180314/,"गाेरखा,कोरोना,सङ्क्रमण,मुत्यु,पुरुष,शव,व्यवस्थापन,स्थानीय,बासिन्दा,अवरोध,पालुङटार,नगरपालि,पुरुष,बिहान,अस्पताल,मृत्यु,उन,शव,नगरपालि,वडा,नम्बर,शहीद,लखन,गाउँपालि,काे,सीमा,लुदी,खोला,दोभान,व्यवस्थापन,सुरक्षा,समिति,निर्णय,दुवै,नगरपालि,स्थानीय,शव,व्यवस्थापन,अवरोध,प्रहरी,घण्टाकाे,अवरोध,हटाए,शव,व्यवस्थापन,टोली,खाल्डो,खने,स्थानीय,विरोध,व्यवस्थापन,समस्या,उब्जिए,प्रहरी,बल,प्रयोग,स्थानीय,हटाउने,शव,व्यवस्थापन,तयारी,कोरोना,मृत्यु,व्यक्ति,शव,व्यवस्थापन,अवरोध,हुँदा,प्रहरी,लाठीचार्ज,नेपाली,सेना,विशेष,टोली,शव,व्यवस्थापन,जुटे,शव,व्यवस्थापन,अवरोध,लक्षित,प्रहरी,सेल,अश्रुग्यास,प्रहार,जनाइए,असार,गते,कतार,उन,उपचार,क्रम,शनिबार,बिहान,बजे,अस्पताल,मृत्यु,सरकार,संक्रमित,मृत्यु,जतिसक्दो,चाँडो,मापदण्ड,पूरा,शव,व्यवस्थापन,निर्देशिका,उल्लेख"
03/07/2020,दुर्व्यवहार आरोपमा वडाध्यक्ष पक्राउ," कञ्चनपुर- कञ्चनपुरको भीमदत्त नगरपालिका ९ का वडा अध्यक्ष राम नाथ महिलामाथि दुर्व्यवहार गरेको आरोपमा पक्राउ परेका छन् । गए राति वडाध्यक्ष नाथले ब्रह्मदेव बजारमा मदिरा सेवन गरी महिलामाथि दुर्व्यवहार गरेको स्थानीयले आरोप लगाएपछि ब्रह्मदेव प्रहरी चौकीले नाथलाई नियन्त्रणमा लिएको हो । प्रहरीले नियन्त्रणमा लिएका नाथलाई रातिनै जिल्ला प्रहरी कार्यालय कञ्चनपुर पठाएको छ । जिल्ला प्रहरी कार्यालय कञ्चनपुरका प्रहरी नायब उपरीक्षक अमर थापाले वडाध्यक्ष नाथले महिलामाथि दुर्व्यवहार गरेको भन्ने कुरा आएपछि नियन्त्रणमा लिइएको बताए । ‘थप कुरा बुझ्न बाँकी रहेको छ”, उनले भने, “के भएको रहेछ । आज बुझ्ने कार्य हुन्छ । त्यहीअनुसार कारवाही प्रक्रिया अगाडि बढ्छ ।” भीमदत्त नगरपालिका–९ ब्रह्मदेव बजारमा एक महिलालाई अपशब्द प्रयोग गर्दै वडाध्यक्ष नाथले दुर्व्यवहार गरेको स्थानीयको आरोप छ । घटनापछि बिहीबार राति ब्रह्मदेव क्षेत्र तनावग्रस्त भएको थियो । वडाध्यक्षले महिलालाई दुर्व्यवहार गरेको भन्दै आक्रोषित स्थानीयले सीमा प्रहरीचौकी ब्रह्मदेव घेराउ गर्दै कारवाही मागसहित नाराबाजी गरेका थिए । महिलामाथि कुनै किसिमको दुर्व्यवहार नगरेको वडाध्यक्ष नाथको प्रारम्भिक बयानलाई उद्धृत गर्दै प्रहरीले बताएको छ ।",https://www.khabarhub.com/2020/03/179919/,"कञ्चनपुर,कञ्चनपुर,भीमदत्त,नगरपालि,वडा,अध्यक्ष,राम,नाथ,महिला,दुर्व्यवहार,आरोप,पक्राउ,परे,राति,वडाध्यक्ष,नाथ,ब्रह्मदेव,बजार,मदिरा,सेवन,महिला,दुर्व्यवहार,स्थानीय,आरोप,लगाए,ब्रह्मदेव,प्रहरी,चौकी,नाथ,नियन्त्रण,लिए,प्रहरी,नियन्त्रण,लिए,नाथ,रातिनै,प्रहरी,कार्यालय,कञ्चनपुर,पठाए,प्रहरी,कार्यालय,कञ्चनपुर,प्रहरी,नायब,उपरीक्षक,अमर,थापा,वडाध्यक्ष,नाथ,महिला,दुर्व्यवहार,नियन्त्रण,लिइए,बुझ्न,बाँकी,रहे,छ”,उन,“के,बुझ्ने,कार्य,कारवाही,प्रक्रिया,बढ्छ,”,भीमदत्त,नगरपालि,ब्रह्मदेव,बजार,महिला,अपशब्द,प्रयोग,वडाध्यक्ष,नाथ,दुर्व्यवहार,स्थानीय,आरोप,घटना,बिहीबार,राति,ब्रह्मदेव,क्षेत्र,तनावग्रस्त,वडाध्यक्ष,महिला,दुर्व्यवहार,आक्रोषित,स्थानीय,सीमा,प्रहरीचौ,ब्रह्मदेव,घेराउ,कारवाही,माग,नाराबाजी,महिला,किसिम,दुर्व्यवहार,नगरे,वडाध्यक्ष,नाथ,प्रारम्भिक,बयान,उद्धृत,प्रहरी"
02/07/2020,गैँडाकोट नगरपालिकामा तालाबन्दी," नवलपुर – नेपाली काँग्रेस निकटका जनप्रतिनिधिले गैँडाकोट नगरपालिकामा तालाबन्दी गरेसँगै सेवाग्राही मर्कामा परेका छन् । नगर प्रमुख छत्रराज पौडेलले आगामी आर्थिक वर्ष २०७७/७८ का लागि नीति तथा बजेट असार १६ गते पारित गरेपछि केही नगरसभा सदस्य असन्तुष्ट हुँदै नगरपालिकामा ताला लगाएका थिए । जनताको कामकाज ठप्प पार्नुले उनीहरुमाथि आफूहरुको भरोसा उडेको गैँडाकोट– ५ का मेघराज खरालले बताए । ‘हाम्रो कामकाजमा सहजता पुर्‍याउने भन्दै चुनावका बेला भोट माग्न आएका थिए’, खरालले भने, ‘अहिले असार मसान्तको समयमा आएर तालाबन्दी गर्दा हाम्रो भुक्तानी रोकिएका छन् ।’ नगरमा सञ्चालित विभिन्न योजना सम्पन्न भएपछि रकम भुक्तानी लिन आउँदा तालाबन्दीले दुःख पाएको खरालले गुनासो गरे । असार १६ गते देखि नगरप्रमुख छत्रराज पौडेल, उपप्रमुख विष्णुकुमारी कँडेल र प्रमुख प्रशासकीय अधिकृत रामप्रसाद आचार्यको कार्यकक्षमा उनीहरुले तालाबन्दी गरेका थिए ।",https://www.khabarhub.com/2020/02/179729/,"नवलपुर,नेपाली,काँग्रेस,जनप्रतिनिधि,गैँडाकोट,तालाबन्दी,सेवाग्राही,मर्का,परे,नगर,प्रमुख,छत्रराज,पौडेल,आगामी,आर्थिक,वर्ष,नीति,बजेट,असार,गते,पारित,नगरसभा,सदस्य,असन्तुष्ट,हुँदै,ताला,लगाए,जनता,कामकाज,ठप्प,पार्नु,भरोसा,उडे,गैँडाकोट,मेघराज,खराल,कामकाज,सहजता,पुर्,याउने,चुनाव,बेला,भोट,माग्न,खराल,असार,मसान्त,आएर,तालाबन्दी,भुक्तानी,रोकिए,नगर,सञ्चालित,विभिन्न,योजना,सम्पन्न,रकम,भुक्तानी,लिन,आउँदा,तालाबन्दी,दुःख,पाए,खराल,गुनासो,असार,गते,नगरप्रमुख,छत्रराज,पौडेल,उपप्रमुख,विष्णुकुमारी,कँडेल,प्रमुख,प्रशासकीय,अधिकृत,रामप्रसाद,आचार्य,कार्यकक्ष,तालाबन्दी"
28/06/2020,शिव सेना नेपालद्वारा झापामा राँके जुलुस," झापा- राजसंस्थाको पुनः स्थापनाको मागसहित शिव सेना नेपालले झापाको चारलीमा राँके जुलुस प्रदर्शन गरेको छ । शिवसेना नेपालका झापा जिल्ला अध्यक्ष बद्री महतको नेतृत्वमा युवाहरुले राँके जुलुस प्रदर्शन गरेका हुन् । शिवसेनाले आयोजना गरेको राँके जुलुस प्रदर्शनमाबुद्धिजिवी,उद्योगी व्यवसायी लगायत स्थायीय युवाहरुको उल्लेख्य सहभागिता रहेको थियो । उनीहरुले नेपालको मिचिएको भूमि फिर्ता ल्याउनुपर्ने मागसहित राष्ट्रवादी नारा लगाउँदै जुलुस निकालेका थिए । ",https://www.khabarhub.com/2020/26/178161/,"राजसंस्था,पुनः,स्थापना,माग,शिव,सेना,चारली,राँके,जुलुस,प्रदर्शन,शिवसेना,अध्यक्ष,बद्री,महत,नेतृत्व,युवा,राँके,जुलुस,प्रदर्शन,शिवसेना,आयोजना,राँके,जुलुस,प्रदर्शनमाबुद्धिजिवी,उद्योगी,व्यवसायी,स्थायीय,युवा,उल्लेख्य,सहभागिता,रहे,मिचिए,भूमि,फिर्ता,ल्याउनु,माग,राष्ट्रवादी,नारा,लगाउँदै,जुलुस,निकाले"
15/06/2020,झापामा मिर्गौला रोगी बृद्धको शव उठाउन गाउँलेको अवरोध,"प्रतिकात्मक तस्वीर झापा – झापाको मेचीनगर नगरपालिका–११ का एक बृद्धको मृत्यु कोरोना संक्रमणले भएको आशंकामा शव व्यवस्थापनमा गाउँलेले ६ घण्टासम्म अवरोध गरेका छन् । मिर्गौला खराब भएर मृत्यु भएका वृद्धलाई कोरोना संक्रमण भएको आशंका गर्दै गाउँलेले सोमबार छ घण्टासमम्म दाहसंस्कार गर्न रोकेका हुन् । बृद्धको मृत्यु कोरोनाले भएको आशंकापछि गाउँलेले शव दाहसंस्कार गर्न घाट लैजानबाट रोकेका थिए । घटनाबारे तत्काल जानकारी पाउनेबित्तिकै मेचीनगर नगरपालिका प्रमुख विमल आचार्यले नगरको स्वास्थ्य शाखालाई शवको अवस्थाबारे बुझ्न र व्यवस्थापन गर्न निर्देशन दिएका थिए । नगरको स्वास्थ्यकर्मीको टोली मृतकको घर पुगेर अस्पताल रिपोर्ट जाँच गर्दा दुवै मिर्गौला खराब भएर मृत्यु भएको पुष्टि गरेपछि मात्र गाउँलेले घरबाट उनको शव उठाउन दिएका थिए । मृतक एक हप्ताअघि मात्र उपचारका लागि विराटनगरस्थित नोबेल अस्पताल भर्ना भएका थिए । उनलाई अस्पतालले शुक्रबार घर फर्काएको थियो । उनको सोमबार बिहान ८ बजे घरमै मृत्यु भएको हो । ‘नोबेल अस्पतालको रिपोर्ट हेर्दा कोरोना भएको देखिँदैन’, नगर स्वास्थ्य शाखा प्रमुख शशिकला राईले भनिन्, ‘दुवै मिर्गौला खराब भएको रहेछ । गाउँलेलाई सबै कुरा बताएपछि मात्र अन्त्येष्टि गर्न दिए ।’ पालिकाले चार जना गाउँलेलाई पीपीई, पञ्जा र मास्क दिएपछि शव उठाएर दाहसंस्कार गरिएको थियो । मृतक भारतीय सेनाबाट निवृत्त भएका हुन् । उनी बन्दाबन्दीअघि पेन्सन थाप्न भारतको बागडुग्रास्थित हात्तीसारको पेन्सन अफिसमा गएका थिए । बन्दाबन्दी भएसँगै भारतमै छोरीज्वाइँको घरमा बसेका उनलाई बिरामी भएपछि एक हप्ताअघि मात्र पूर्वीनाका काँकडभिट्टा हुँदै एम्बुलेन्सबाट बिर्तामोडस्थित मनमोहन अस्पताल ल्याइएको थियो । मनमोहनले उपचार गर्न नसक्ने बताएपछि उनलाई उपचारका लागि नोबेल अस्पताल लगिएको थियो ।",https://www.khabarhub.com/2020/16/175273/,"प्रतिकात्मक,तस्वीर,मेचीनगर,नगरपालि,बृद्ध,मृत्यु,कोरोना,संक्रमण,आशंका,शव,व्यवस्थापन,गाउँले,घण्टा,अवरोध,मिर्गौला,खराब,मृत्यु,वृद्ध,कोरोना,संक्रमण,आशं,गाउँले,सोमबार,घण्टासमम्म,दाहसंस्कार,रोके,बृद्ध,मृत्यु,कोरोना,आशंका,गाउँले,शव,दाहसंस्कार,घाट,लैजान,रोके,घटना,जानकारी,पाउने,मेचीनगर,नगरपालि,प्रमुख,विमल,आचार्य,नगर,स्वास्थ्य,शाखा,शव,बुझ्न,व्यवस्थापन,निर्देशन,नगर,स्वास्थ्यकर्मी,टोली,मृतक,पुगेर,अस्पताल,रिपोर्ट,जाँच,दुवै,मिर्गौला,खराब,मृत्यु,पुष्टि,गाउँले,उन,शव,उठाउन,मृतक,हप्ता,उपचार,विराटनगर,नोबेल,अस्पताल,भर्ना,उन,अस्पताल,शुक्रबार,फर्काए,उन,सोमबार,बिहान,बजे,मृत्यु,नोबेल,अस्पताल,रिपोर्ट,हेर्दा,कोरोना,देखिँदैन,नगर,स्वास्थ्य,शाखा,प्रमुख,शशिकला,राई,भनिन्,दुवै,मिर्गौला,खराब,गाउँले,अन्त्येष्टि,पालिका,गाउँले,पीपीई,पञ्जा,मास्क,शव,उठाएर,दाहसंस्कार,गरिए,मृतक,भारतीय,सेना,निवृत्त,बन्दाबन्दी,पेन्सन,थाप्न,भारत,बागडुग्रा,हात्तीसार,पेन्सन,अफिस,बन्दाबन्दी,भारत,छोरीज्वाइँ,बसे,उन,बिरामी,हप्ता,पूर्वीना,काँकडभिट्टा,हुँदै,एम्बुलेन्स,बिर्तामोड,मनमोहन,अस्पताल,ल्याइए,मनमोहन,उपचार,नसक्ने,उन,उपचार,नोबेल,अस्पताल,लगिए"
08/06/2020,काठ चिर्ने हतियारले श्रीमानको हत्या, सल्यान – सल्यानमा एक महिलाले श्रीमानको हत्या गरेकी छन् । जिल्लाको त्रिवेणी गाउँपालिका–६ भुम्केज्युलाकी ३६ वर्षीया ती महिलाले ३८ वर्षीय श्रीमान् डिल्लीबहादुर घर्तीको हत्या गरेको जिल्ला प्रहरी कार्यालय सल्यानले जनाएको छ । आइतबार राति साढे ८ बजेतिर आफ्नै घरमा काठ चिर्ने फलाम हतियारको प्रहारबाट गम्भीर घाइते भएका घर्तीको सल्यान अस्पतालमा उपचारका क्रममा मृत्यु भएको जिल्ला प्रहरी कार्यालय सल्यानका प्रहरी नायब उपरीक्षक ढकेन्द्र खतिवडाले जानकारी दिए । हत्या आरोपमा श्रीमतीलाई इलाका प्रहरी कार्यालय लुहाममा राखिएको खतिवडाको भनाइ छ । घटना बारेमा थप अनुसन्धान भइरहेको छ । ,https://www.khabarhub.com/2020/08/173312/,"महिला,श्रीमान,हत्या,त्रिवेणी,गाउँपालि,भुम्केज्युला,वर्षीया,महिला,वर्षीय,श्रीमान्,डिल्लीबहादुर,घर्ती,हत्या,प्रहरी,कार्यालय,जनाए,आइतबार,राति,साढे,बजे,काठ,चिर्ने,फलाम,हतियार,प्रहार,गम्भीर,घाइते,घर्ती,अस्पताल,उपचार,क्रम,मृत्यु,प्रहरी,कार्यालय,प्रहरी,नायब,उपरीक्षक,ढकेन्द्र,खतिवडा,जानकारी,हत्या,आरोप,श्रीमती,इलाका,प्रहरी,कार्यालय,लुहाम,राखिए,खतिवडा,भनाइ,घटना,अनुसन्धान,भइ"
07/06/2020,जुम्लामा विप्लव नेकपाका कार्यकर्ता पक्राउ, जुम्ला- जुम्लामा नेत्रविक्रम चन्द समूहका एक कार्यकर्ता पक्राउ परेका छन् । सिञ्जा गाउँपालिका– १ का २९ वर्षीय शक्तसिंह रोकायालाई पक्राउ गरिएको जिल्ला प्रहरी कार्यालयका सूचना अधिकारी राजेन्द्र चन्दले बताए । उनलाई सिञ्जामा मसाल जुलुस गरी विभिन्न नाराबाजी गर्दै मसाल जुलुस गरेको समयमा पक्राउ गरेको प्रहरीले जनाएको छ । पक्राउ परेका रोकायालाई अभद्र व्यवहारको मुद्दा चलाइएको जिल्ला प्रहरी कार्यालयले जनाएको छ ।,https://www.khabarhub.com/2020/06/172929/,"नेत्रविक्रम,चन्द,समूह,कार्य,पक्राउ,परे,सिञ्जा,गाउँपालि,वर्षीय,शक्तसिंह,रोकाया,पक्राउ,गरिए,प्रहरी,कार्यालय,सूचना,अधिकारी,राजेन्द्र,चन्द,उन,सिञ्जा,मसाल,जुलुस,विभिन्न,नाराबाजी,मसाल,जुलुस,पक्राउ,प्रहरी,जनाए,पक्राउ,परे,रोकाया,अभद्र,व्यवहार,मुद्दा,चलाइए,प्रहरी,कार्यालय,जनाए"
27/05/2020,सर्लाहीमा बाबुको हत्या आरोपमा छोरा पक्राउ,सांकेतिक तस्वीर । सर्लाही – सर्लाहीको बसबरिया गाउँपालिकामा गएराति एक वृद्धको घरेलु धारिलो हतियार प्रहारबाट हत्या भएको छ । बसबरिया गाउँपालिका–५ धनगढा निवासी ७५ वर्षीय रामअधिन रायको धारिलो हतियार प्रहारबाट मृत्यु भएको सर्लाहीका डीएसपी मदन कुँवरले जानकारी दिए । आफ्नै आँपको बगैँचामा सुतिरहेको अवस्थामा वृद्धको हत्या भएको उनले जानकारी दिए । बाबुलाई हत्या गरेको आरोपमा मृतकका कान्छो छोरा ४० वर्षीय विनोद रायलाई प्रहरीले पक्राउ गरेको छ । आफ्नै घरमा खाटमुनि लुकेको अवस्थामा आज बिहान विनोदलाई पक्राउ गरिएको बसबरिया गाउँपालिकाका अध्यक्ष रामअयोध्या रायले जानकारी दिए । जग्गा जमिनको विषयलाई लिएर उनीहरूको घरमा लामो समयदेखि झैझगडा हुदै आएको रायको भनाइ छ । ,https://www.khabarhub.com/2020/27/169215/,"सांकेतिक,तस्वीर,बसबरिया,गाउँपालिका,गएराति,वृद्ध,घरेलु,धारिलो,हतियार,प्रहार,हत्या,बसबरिया,गाउँपालि,धनगढा,वर्षीय,रामअधिन,राय,धारिलो,हतियार,प्रहार,मृत्यु,डीएसपी,मदन,कुँवर,जानकारी,आँप,बगैँचा,सुति,वृद्ध,हत्या,उन,जानकारी,बाबु,हत्या,आरोप,मृतक,कान्छो,छोरा,वर्षीय,विनोद,राय,प्रहरी,पक्राउ,खाट,लुके,बिहान,विनोद,पक्राउ,गरिए,बसबरिया,गाउँपालिका,अध्यक्ष,रामअयोध्या,राय,जानकारी,जग्गा,जमिन,विषय,लिएर,लामो,झैझगडा,हुदै,राय,भनाइ"
27/05/2020,भारतबाट आएकाहरु वडाको क्वारेन्टाइनमा बसेको भन्दै विरोध," जनकपुर- भारतको विभिन्‍न ठाउँबाट आएर आफ्नो वडाको क्वारेन्टाइनमा बसेको भन्दै धनुषामा स्थानीयहरुले विरोध जनाएका छन् । भारतबाट आएर आफ्नो वडाको क्वरेन्टाइनमा बसेको भन्दै कमला नगरपालिका वडा नं. ९ का स्थानीयले विरोध जनाएका हुन् । उनीहषरुले क्वारेन्टाइनमा ढुंगामुढा प्रहार समेत गरेका छन् । स्थानीयहरुले आफ्नो वडामा रहेको क्वारेन्टाइनमा अन्य ठाउँका व्यक्तिलाई बस्न दिएकोमा विरोध जनाएका हुन् । उनीहरुले अन्य स्थानका मानिसहरुले क्वारेन्टाइनमा बस्न नदिने भन्दै लठी, भाटा सहित विरोधमा उत्रिएका थिए ।",https://www.khabarhub.com/2020/26/169143/,"जनकपुर,भारत,विभिन्,ठाउँ,आएर,वडा,क्वारेन्टाइन,बसे,स्थानीय,विरोध,जनाए,भारत,आएर,वडा,क्वरेन्टाइन,बसे,कमला,नगरपालि,वडा,नं,स्थानीय,विरोध,जनाए,उनीहषरु,क्वारेन्टाइन,ढुंगामुढा,प्रहार,स्थानीय,वडा,रहे,क्वारेन्टाइन,ठाउँ,व्यक्ति,बस्न,विरोध,जनाए,स्थान,मानिस,क्वारेन्टाइन,बस्न,नदिने,लठी,भाटा,विरोध,उत्रिए"
24/05/2020,चिर्पट प्रहारबाट एकको मृत्यु," सप्तरी- सप्तरीको डाकनेश्वरी नगरपालिका–९ सखुवामा काठको चिर्पट प्रहारबाट एक जनाको मृत्यु भएको छ । घाइते डाकनेश्वरी नगरपालिका–९ सखुवाका ५५ वर्षीय सुखदेव मण्डलको उपचारको क्रममा गए राति न्यूरो अस्पताल विराटनगरमा मृत्यु भएको मृतकका परिवारले जानकारी दिएको छ । शनिबार साँझ उपचारका लागि राजविराजस्थित गजेन्द्रनारायण सिंह अस्पताल भर्ना भएका मण्डलको उपचार हुन नसकेपछि बिराटनगर लगिएको थियो । डाकनेश्वरी नगरपालिका–९ का वडाध्यक्ष कर्णदेव चौधरीले बाटोमा घर बनाएको विषयमा मेहता परिवार र मण्डल परिवारबीच भएको विवाद र झडपमा घाइते सुखदेव मण्डलको मृत्यु भएको बताए । पीडित परिवारले मुकेश महतो, फुरकुन भनिने देवेन्द्र महतो, शिवनारायण महतो, उमेश महतोलगायतले कुटपिट गरेको आरोप लगाएका छन् । मुकेशले नयाँ निर्माण गरिरहेको घर बाटोमा परेको भन्दै रोक्न गएपछि शुरु भएको विवादले उग्ररुप लिएको प्रत्यक्षदर्शीले बताए । शव परीक्षणका लागि राजविराजस्थित गजेन्द्रनारायण सिंह अस्पतालमा ल्याइएको छ । कुटपिटबाट सुखदेव मण्डलको मृत्यु भएको लिखित उजुरी नआए पनि मौखिक जानकारी आएपछि आरोपितहरुको खोजीकार्य शुरु गरिएको जिल्ला प्रहरी कार्यालय सप्तरीका प्रहरी नायाब उपरीक्षक तिलक भारतीले बताए । यसअघि वैशाख २३ गते भएको कुटपिटमा घाइते भएका सप्तरीको महादेवा गाउँपालिका–१ बल्थीका ८० वर्षीय सुविलाल यादवको बिहीबार मृत्यु भएको थियो । उपचारपश्चात वैशाख २७ गते डिस्चार्ज भई घरमा बसेका वृद्धको मृत्यु भएको भन्दै एक जनाविरुद्ध उजुरी परेको र हालसम्म पक्राउ नपरेको प्रनाउ भारतीले बताए ।",https://www.khabarhub.com/2020/24/168283/,"डाकनेश्वरी,नगरपालि,सखुवा,काठ,चिर्पट,प्रहार,मृत्यु,घाइते,डाकनेश्वरी,नगरपालि,सखुवा,वर्षीय,सुखदेव,मण्डल,उपचार,क्रम,राति,न्यूरो,अस्पताल,विराटनगर,मृत्यु,मृतक,परिवार,जानकारी,शनिबार,साँझ,उपचार,राजविराज,गजेन्द्रनारायण,सिंह,अस्पताल,भर्ना,मण्डल,उपचार,नसके,बिराटनगर,लगिए,डाकनेश्वरी,नगरपालि,वडाध्यक्ष,कर्णदेव,चौधरी,बाटो,बनाए,विषय,मेहता,परिवार,मण्डल,परिवार,विवाद,झडप,घाइते,सुखदेव,मण्डल,मृत्यु,पीडित,परिवार,मुकेश,महतो,फुरकुन,भनिने,देवेन्द्र,महतो,शिवनारायण,महतो,उमेश,महतो,कुटपिट,आरोप,लगाए,मुकेश,निर्माण,बाटो,परे,रोक्न,शुरु,विवाद,उग्ररुप,लिए,प्रत्यक्षदर्शी,शव,परीक्षण,राजविराज,गजेन्द्रनारायण,सिंह,अस्पताल,ल्याइए,कुटपिट,सुखदेव,मण्डल,मृत्यु,लिखित,उजुरी,नआए,मौखिक,जानकारी,आरोपित,खोजीकार्य,शुरु,गरिए,प्रहरी,कार्यालय,प्रहरी,नायाब,उपरीक्षक,तिलक,भारती,वैशाख,गते,कुटपिट,घाइते,महादेवा,गाउँपालि,बल्थी,वर्षीय,सुविलाल,यादव,बिहीबार,मृत्यु,उपचार,वैशाख,गते,डिस्चार्ज,भई,बसे,वृद्ध,मृत्यु,उजुरी,परे,हाल,पक्राउ,नपरे,प्रनाउ,भारती"
24/05/2020,चिर्पट प्रहारबाट एकको मृत्यु," सप्तरी- सप्तरीको डाकनेश्वरी नगरपालिका–९ सखुवामा काठको चिर्पट प्रहारबाट एक जनाको मृत्यु भएको छ । घाइते डाकनेश्वरी नगरपालिका–९ सखुवाका ५५ वर्षीय सुखदेव मण्डलको उपचारको क्रममा गए राति न्यूरो अस्पताल विराटनगरमा मृत्यु भएको मृतकका परिवारले जानकारी दिएको छ । शनिबार साँझ उपचारका लागि राजविराजस्थित गजेन्द्रनारायण सिंह अस्पताल भर्ना भएका मण्डलको उपचार हुन नसकेपछि बिराटनगर लगिएको थियो । डाकनेश्वरी नगरपालिका–९ का वडाध्यक्ष कर्णदेव चौधरीले बाटोमा घर बनाएको विषयमा मेहता परिवार र मण्डल परिवारबीच भएको विवाद र झडपमा घाइते सुखदेव मण्डलको मृत्यु भएको बताए । पीडित परिवारले मुकेश महतो, फुरकुन भनिने देवेन्द्र महतो, शिवनारायण महतो, उमेश महतोलगायतले कुटपिट गरेको आरोप लगाएका छन् । मुकेशले नयाँ निर्माण गरिरहेको घर बाटोमा परेको भन्दै रोक्न गएपछि शुरु भएको विवादले उग्ररुप लिएको प्रत्यक्षदर्शीले बताए । शव परीक्षणका लागि राजविराजस्थित गजेन्द्रनारायण सिंह अस्पतालमा ल्याइएको छ । कुटपिटबाट सुखदेव मण्डलको मृत्यु भएको लिखित उजुरी नआए पनि मौखिक जानकारी आएपछि आरोपितहरुको खोजीकार्य शुरु गरिएको जिल्ला प्रहरी कार्यालय सप्तरीका प्रहरी नायाब उपरीक्षक तिलक भारतीले बताए । यसअघि वैशाख २३ गते भएको कुटपिटमा घाइते भएका सप्तरीको महादेवा गाउँपालिका–१ बल्थीका ८० वर्षीय सुविलाल यादवको बिहीबार मृत्यु भएको थियो । उपचारपश्चात वैशाख २७ गते डिस्चार्ज भई घरमा बसेका वृद्धको मृत्यु भएको भन्दै एक जनाविरुद्ध उजुरी परेको र हालसम्म पक्राउ नपरेको प्रनाउ भारतीले बताए ।",https://www.khabarhub.com/2020/24/168283/,"डाकनेश्वरी,नगरपालि,सखुवा,काठ,चिर्पट,प्रहार,मृत्यु,घाइते,डाकनेश्वरी,नगरपालि,सखुवा,वर्षीय,सुखदेव,मण्डल,उपचार,क्रम,राति,न्यूरो,अस्पताल,विराटनगर,मृत्यु,मृतक,परिवार,जानकारी,शनिबार,साँझ,उपचार,राजविराज,गजेन्द्रनारायण,सिंह,अस्पताल,भर्ना,मण्डल,उपचार,नसके,बिराटनगर,लगिए,डाकनेश्वरी,नगरपालि,वडाध्यक्ष,कर्णदेव,चौधरी,बाटो,बनाए,विषय,मेहता,परिवार,मण्डल,परिवार,विवाद,झडप,घाइते,सुखदेव,मण्डल,मृत्यु,पीडित,परिवार,मुकेश,महतो,फुरकुन,भनिने,देवेन्द्र,महतो,शिवनारायण,महतो,उमेश,महतो,कुटपिट,आरोप,लगाए,मुकेश,निर्माण,बाटो,परे,रोक्न,शुरु,विवाद,उग्ररुप,लिए,प्रत्यक्षदर्शी,शव,परीक्षण,राजविराज,गजेन्द्रनारायण,सिंह,अस्पताल,ल्याइए,कुटपिट,सुखदेव,मण्डल,मृत्यु,लिखित,उजुरी,नआए,मौखिक,जानकारी,आरोपित,खोजीकार्य,शुरु,गरिए,प्रहरी,कार्यालय,प्रहरी,नायाब,उपरीक्षक,तिलक,भारती,वैशाख,गते,कुटपिट,घाइते,महादेवा,गाउँपालि,बल्थी,वर्षीय,सुविलाल,यादव,बिहीबार,मृत्यु,उपचार,वैशाख,गते,डिस्चार्ज,भई,बसे,वृद्ध,मृत्यु,उजुरी,परे,हाल,पक्राउ,नपरे,प्रनाउ,भारती"
23/05/2020,आर्थिक अनियमितता गरेको भन्दै रौतहटमा मन्त्री त्रिपाठीको पुत्ला दहन," गौर- रौतहटका स्थानीय युवाहरुले संघीय मामिला तथा सामान्य प्रशासन मन्त्री हृदयेश त्रिपाठीको पुत्ला जलाएका छन् । मन्त्री त्रिपाठीले रौतहट क्षेत्र नम्बर २ को संसदीय कोषको बजेट दुरुपयोग गर्न खोजेको आरोप लगाउँदै स्थानीयले नाराबाजीसहित पुत्ला दहन गरेका हुन् । विश्व कोरोना संक्रमणको उच्च जोखिमयुक्त अवस्थाबाट गुज्रिरहेको समयमा संघीय मन्त्रालयको अग्रसरतामा रौतहट निर्वाचन क्षेत्र नं. २ का सांसद अफताब आलमको अनुपस्थितिमै नियम कानुन विपरीत संसदीय पूर्वाधार विकास कार्यक्रम कार्यान्वयन भएको भन्दै उनीहरुले विरोध जनाएका छन् । आर्थिक चलखेल गरेर मन्त्री त्रिपाठी, जेलभित्रबाट सांसद आलम र नेकपाका समानुपातिक सांसद कल्याणी खड्काले मिलेर बजेट दुरुपयोग गरेका कारण पुतला दहन गरेको स्थानीय इस्तफाल आलमले बताए । आक्रोशित युवाहरुले मन्त्रीकै संलग्नतामा खर्च भईरहेको अनधिकृत बजेट खर्च नरोकिए लकडाउनको प्रवाह नगरी आन्दोलन गर्ने चेतावनी समेत दिएका छन् ।",https://www.khabarhub.com/2020/23/167959/,"गौर,स्थानीय,युवा,संघीय,मामिला,सामान्य,प्रशासन,मन्त्री,हृदयेश,त्रिपाठी,पुत्ला,जलाए,मन्त्री,त्रिपाठी,क्षेत्र,नम्बर,संसदीय,कोष,बजेट,दुरुपयोग,खोजे,आरोप,लगाउँदै,स्थानीय,नाराबाजी,पुत्ला,दहन,विश्व,कोरोना,संक्रमण,उच्च,जोखिमयुक्त,गुज्रि,संघीय,मन्त्रालय,अग्रसरता,निर्वाचन,क्षेत्र,नं,सांसद,अफताब,आलम,अनुपस्थिति,नियम,कानुन,विपरीत,संसदीय,पूर्वाधार,विकास,कार्यक्रम,कार्यान्वयन,विरोध,जनाए,आर्थिक,चलखेल,मन्त्री,त्रिपाठी,जेलभित्र,सांसद,आलम,नेकपा,समानुपातिक,सांसद,कल्याणी,खड्का,मिलेर,बजेट,दुरुपयोग,पुतला,दहन,स्थानीय,इस्तफाल,आलम,आक्रोशित,युवा,मन्त्री,संलग्नता,खर्च,भई,अनधिकृत,बजेट,खर्च,नरोकिए,लकडाउन,प्रवाह,नगरी,आन्दोलन,चेतावनी"
23/05/2020,"महिला मृत फेला, हत्याको आशंकामा एक जना पक्राउ"," खोटाङ- खोटेहाङ गाउँपालिका–५ चिप्रिङ पोखरेटोलकी ६१ वर्षीया एकल महिला रत्नकुमारी राई आफ्नै घरमा मृत फेला परेकी छन् । दुई छोरीको विवाह भइसकेको र श्रीमानको पनि मृत्यु भइसकेको अवस्थामा एक्लै घरमा बस्दै आएकी रत्नकुमारीको शव आज बिहान फेला परेको थियो । एकल महिलाको हत्या गरेको आशङ्कामा सोही ठाउँका ३१ वर्षीय मुगाधन भनिने मुकेश राईलाई पक्राउ गरिएको जिल्ला प्रहरी कार्यालयका प्रहरी नायब उपरीक्षक नारायण चिमोरियाले बताए । “एकल महिलाको गए राति १००० बजे घाँटी थिचेर हत्या गरिएको प्रारम्भिक अनुसन्धानबाट खुलेको छ”, उनले भने, “पक्राउ परेका मुकेशले प्रहरी सामु ‘मान्छे मारेर आएको’ भनेका छन् ।” महिलाको हत्यापछि आज बिहान सिम्पानीतर्फ जाँदै गरेका मुकेशलाई प्रहरीले बाटैबाट नियन्त्रणमा लिएको गाउँपालिकाका अध्यक्ष प्रदीप राईले बताए । स्थानीय बासिन्दाले प्रहरीलाई खबर गरेपछि वडासदस्य अर्जुन राईसँगै छिमेकीलाई हेर्न पठाउँदा महिला मृत फेला परेकी थिइन् । महिला हत्याको कारण खुल्न बाँकी रहेको र अनुसन्धान भइरहेको जिल्ला प्रहरी कार्यालयका प्रवक्ता प्रहरी निरीक्षक आमोदकुमार खेरवारले जानकारी दिए ।",https://www.khabarhub.com/2020/22/167679/,"खोटेहाङ,गाउँपालि,चिप्रिङ,पोखरेटोल,वर्षीया,एकल,महिला,रत्नकुमारी,राई,मृत,फेला,परे,छोरी,विवाह,भइ,श्रीमान,मृत्यु,भइ,एक्लै,बस्दै,रत्नकुमारी,शव,बिहान,फेला,परे,एकल,महिला,हत्या,आशङ्का,ठाउँ,वर्षीय,मुगाधन,भनिने,मुकेश,राई,पक्राउ,गरिए,प्रहरी,कार्यालय,प्रहरी,नायब,उपरीक्षक,नारायण,चिमोरिया,“एकल,महिला,राति,बजे,घाँटी,थिचेर,हत्या,गरिए,प्रारम्भिक,अनुसन्धान,खुले,छ”,उन,“पक्राउ,परे,मुकेश,प्रहरी,मान्छे,मारेर,”,महिला,हत्या,बिहान,सिम्पानी,जाँदै,मुकेश,प्रहरी,नियन्त्रण,लिए,गाउँपालिका,अध्यक्ष,प्रदीप,राई,स्थानीय,बासिन्दा,प्रहरी,खबर,वडासदस्य,अर्जुन,राई,छिमेकी,हेर्न,पठाउँदा,महिला,मृत,फेला,परे,थिइन्,महिला,हत्या,खुल्न,बाँकी,रहे,अनुसन्धान,भइ,प्रहरी,कार्यालय,प्रवक्ता,प्रहरी,निरीक्षक,आमोदकुमार,खेरवार,जानकारी"
07/05/2020,कम तौलको ग्यास सिलिण्डर बिक्री गरेको आरोपमा व्यापारी पक्राउ," काठमाडौं– महानगरीय प्रहरी वृत्त बौद्ध र प्रहरी प्रभाग कपनको संयुक्त टोलीले सिलिन्डरमा कम तौल ग्यास राखी बिक्री गर्ने एक व्यपारीलाई पक्राउ गरेको छ । प्रत्येक ग्यासको सिलिन्डरमा एकदेखि ६ किलोसम्म ग्यास कम राखेर नक्कली सिल गरी कालोबजारी गर्ने कपनको राइनो एडियस इन्टरप्राइजेज नामक ग्यास डिपोका सञ्चालक अमितकुमार श्रेष्ठलाई प्रहरीले पक्राउ गरेको हो । स्थानीयवासीले ग्यास खरिद गरेर घर लगेपछि निकै कम तौल भएको भन्दै कालोबजारीको आशङ्का गरी प्रहरीलाई खबर गरेका थिए । कालोबजारी भएको सूचना पाएपछि प्रहरीले सो डिपोमा छापा मारेको थियो । त्यसपश्चात् प्रहरीले गुणस्तर तथा नापतौल विभाग माछापोखरीमा खबर गरेको थियो । सो विभागका प्रतिनिधिसहितको प्रहरी टोलीले सोही डिपोमा खानतलासी गर्दा सिद्धार्थ नामको ४७ र गीता नामको २८ थान गरी जम्मा ७५ वटा ग्यासको सिलिन्डर बरामद गरेको थियो । बरामद भएका ७५ वटै ग्यासको सिलिन्डर मापदण्ड विपरीत कम तौल भएको र नक्कली सिल लगाइएको अवस्थामा फेला परेको बौद्धका प्रहरी नायब उपरीक्षक नवीन कार्कीले जानकारी दिए । बरामद ग्यासको सिलिन्डरसहित सञ्चालक श्रेष्ठलाई थप अनुसन्धान तथा स्ट्यान्डर्ड नाप र तौल ऐन, २०२५ अनुसार कारवाहीका लागि आज गुणस्तर तथा नापतौल विभाग माछापोखरीमा पठाइएको उनले बताए । सो विभागका महानिर्देशक विश्वबाबु पुढासैनीले सञ्चालकले ठगी गरेको पाइएको बताउँदै थप अनुसन्धानपश्चात् उक्त कसुरमा स्ट्यान्डर्ड नाप र तौल ऐन, २०२५ अनुसार तीन वर्ष कैद र रु ३० हजार मागदाबी गर्दै अदालतमा मुद्दा दायर गरिने जानकारी दिए । प्रहरीका अनुसार सञ्चालक श्रेष्ठले कम तौलमा बिक्री वितरण गरेको बताउँदै यसअघि १०० थानभन्दा बढी कम तौलका ग्यासको सिलिन्डर बिक्री गरेको स्वीकार गरेका छन् । प्रहरीले घटनास्थलबाट कम तौलको ग्यास सिलिन्डरसहित ग्यास निकाल्न प्रयोग हुने फलामको पाइप, नक्कली सिलहरु बरामद गरेको थियो ।",https://www.khabarhub.com/2020/07/161635/,"काठमाडौं,महानगरीय,प्रहरी,वृत्त,बौद्ध,प्रहरी,प्रभाग,कपन,संयुक्त,टोली,सिलिन्डर,तौल,ग्यास,राखी,बिक्री,व्यपारी,पक्राउ,प्रत्येक,ग्यास,सिलिन्डर,किलो,ग्यास,राखेर,नक्कली,सिल,कालोबजारी,कपन,राइनो,एडियस,इन्टरप्राइजेज,नामक,ग्यास,डिपो,सञ्चालक,अमितकुमार,श्रेष्ठ,प्रहरी,पक्राउ,स्थानीयवासी,ग्यास,खरिद,लगे,तौल,कालोबजारी,आशङ्का,प्रहरी,खबर,कालोबजारी,सूचना,पाए,प्रहरी,डिपो,छापा,मारे,प्रहरी,गुणस्तर,नापतौल,विभाग,माछापोखरी,खबर,विभाग,प्रतिनिधिसहित,प्रहरी,टोली,डिपो,खानतलासी,सिद्धार्थ,नाम,गीता,नाम,थान,जम्मा,ग्यास,सिलिन्डर,बरामद,बरामद,वटै,ग्यास,सिलिन्डर,मापदण्ड,विपरीत,तौल,नक्कली,सिल,लगाइए,फेला,परे,बौद्ध,प्रहरी,नायब,उपरीक्षक,नवीन,कार्की,जानकारी,बरामद,ग्यास,सिलिन्डर,सञ्चालक,श्रेष्ठ,अनुसन्धान,स्ट्यान्डर्ड,नाप,तौल,ऐन,कारवाही,गुणस्तर,नापतौल,विभाग,माछापोखरी,पठाइए,उन,विभाग,महानिर्देशक,विश्वबाबु,पुढासैनी,सञ्चालक,ठगी,पाइए,बताउँदै,अनुसन्धान,कसुर,स्ट्यान्डर्ड,नाप,तौल,ऐन,वर्ष,कैद,रु,मागदाबी,अदालत,मुद्दा,दायर,गरिने,जानकारी,प्रहरी,सञ्चालक,श्रेष्ठ,तौल,बिक्री,वितरण,बताउँदै,थान,तौल,ग्यास,सिलिन्डर,बिक्री,स्वीकार,प्रहरी,घटनास्थल,तौल,ग्यास,सिलिन्डर,ग्यास,निकाल्न,प्रयोग,फलाम,पाइप,नक्कली,सिल,बरामद"
20/05/2020,बढी मूल्यमा पेट्रोल बेच्ने पक्राउ, सिन्धुपाल्चोक – बजार मूल्यभन्दा बढी रकम लिई पेट्रोल बिक्री गरिरहेको अवस्थामा सिन्धुपाल्चोकबाट एक जनालाई प्रहरीले पक्राउ गरेको छ । पक्राउ पर्नेमा चौतारा साँगाचोकगढी नगरपालिका–७ मेलचौरस्थित जयमाता वनदेवी फ्युल सेन्टरका कर्मचारी कपिलवस्तु विजयनगर गाउँपालिका–५ का महेशकुमार चौधरी रहेका छन् । कोरोना भाइरसको जोखिम न्यूनीकरणका लागि नेपाल सरकारले लागू गरेको लकडाउनको समयमा बजार मूल्यभन्दा बढी प्रतिलिटर ११० का दरले पेट्रोल बेचिरहेको अवस्थामा चौधरीलाई पक्राउ गरिएको जिल्ला प्रहरी कार्यालय सिन्धुपाल्चोकका प्रहरी नायब उपरीक्षक माधवप्रसाद काफ्लेले जानकारी दिए । पेट्रोलपम्पमा कार्यरत कर्मचारीले बिल नदिई बजार मूल्यभन्दा बढी रकम लिएर पेट्रोल बेच्दै आइरहेको अवस्थामा उनलाई पक्राउ गरिएको प्रहरी नायब उपरीक्षक काफ्लेले बताए ।,https://www.khabarhub.com/2020/04/148498/,"बजार,मूल्य,रकम,लिई,पेट्रोल,बिक्री,प्रहरी,पक्राउ,पक्राउ,चौतारा,साँगाचोकगढी,नगरपालि,मेलचौर,जयमाता,वनदेवी,फ्युल,सेन्टर,कर्मचारी,विजयनगर,गाउँपालि,महेशकुमार,चौधरी,रहे,कोरोना,भाइरस,जोखिम,न्यूनीकरण,सरकार,लागू,लकडाउन,बजार,मूल्य,प्रतिलिटर,दर,पेट्रोल,बेचि,चौधरी,पक्राउ,गरिए,प्रहरी,कार्यालय,प्रहरी,नायब,उपरीक्षक,माधवप्रसाद,काफ्ले,जानकारी,पेट्रोलपम्प,कार्यरत,कर्मचारी,बिल,नदिई,बजार,मूल्य,रकम,लिएर,पेट्रोल,बेच्दै,आइ,उन,पक्राउ,गरिए,प्रहरी,नायब,उपरीक्षक,काफ्ले"
15/05/2020,रोल्पामा महिला यौन हिंसाका घटनामा वृद्धि," रोल्पा- लकडाउनयता जिल्लामा दुई जबर्जस्ती करणीका घटना भए । गत चैत २५ गते परिवर्तन गाउँपालिका ५ का ३० वर्षीय अर्जुन घर्तीले एक युवतीलाई जबर्जस्ती करणी गरेका थिए । अभियुक्त घर्तीलाई प्रहरीले पक्राउ गरी मुद्दा चलाएपछि अदालतको आदेशमा अहिले उनलाई पुर्पक्षका लागि कारागार चलान गरिएको जिल्ला प्रहरी कार्यालय का प्रहरी नायब उपरीक्षक चित्रबहादुर गुरुङले जानकारी दिए । गत वैशाख ९ गते रुन्टीगढी गाउपालिकामा १६ वर्षीय युवकले बालिकालाई जवर्जस्ती करणी गरे । पीडक अहिले फरार छन् । बालिका भने परिवासँगै छिन् । पीडित बालिकाको अवस्था अहिले सामान्य रहेको प्रनाउ गुरुङले जानकारी दिए । फरार अभियुक्तको खोजी भइरहेको प्रहरीले जनाएको छ । कोभिड –१९ को सन्त्राससँगै सरकारले घोषणा गरेको लकडाउनको समय थपिँदै जाँदा महिला हिंसाका घटना समेत बढिरहेका छन् । यसबीचमा महिला घरेलुका साथै यौन हिंसाको समेत शिकार भएका छन् । लकडाउनले घर बाहिर निस्कने अवस्था नहुँदा हिंसा सहेर बसेको सरोकार पक्षको भनाइ छ । घटना प्रशस्त भए पनि जिल्ला प्रहरी कार्यालयले सञ्चालन गरेको महिला तथा बालबालिका सेलमा भने चार मात्रै उजुरी परेका छन् । उजुरी दिएकामध्ये तीन जनालाई मिलापत्र गरेर पठाइएको र एक जनाको छलफल हुन बाँकी नै रहेको जिल्ला प्रहरी कार्यालय महिला तथा बालबालिका सेल इञ्चार्ज मीना विकले बताए । उजुरी गर्नेहरु पनि सदरमुकाम आसपासका पीडित रहेको इञ्चार्ज विकले बताए । हिंसा पीडितले महिला तथा बालबालिका सेलमा फोन गरेर आफ्ना समस्या उजुरी गरेकै आधारमा पनि आफूहरुले समस्या सम्बोधन गर्ने गरेको उनले बताए । “यस अवधिमा पतिबाट कुटपिटमा परेर हिंसा भोगिरहेका महिलाहरुको संख्या धेरै देखिएको छ”, विकले भने । लकडाउनका कारण घर बाहिर निस्कन सक्ने अवस्था नभएकाले कतिपय महिला हिंसा लुकाउन बाध्य भएको महिला मानवअधिकार रक्षक सञ्जाल रोल्पाका अध्यक्ष तीर्था आचार्य बताए । भौगोलिक विकटताले बालबालिकालाई लिएर सदरमुकाम आउन नसकेकै कारण महिला हिंसा सहेर बस्न बाध्य रहेको अध्यक्ष आचार्यको भनाइ छ । “स्थानीय तहको न्यायिक समिति, स्थानीय प्रशासन र अदालतमा गएर उजुरी गर्ने वातावरण नहुँदा महिलाहरु हिंसा सहन बाध्य छन्”, आचार्यले भने, “नजिकको प्रहरी युनिटमा समेत उजुरीपश्चात् छलफल गर्ने वातावरण छैन ।” घरेलु हिंसा भोगिरहेका करीब १२ महिलाले मोबाइलबाट कुराकानी गरेको आचार्यको भनाइ छ । यस अवधिमा मादक पदार्थ सेवन गरेर श्रीमतीमाथि कुटपिट गर्ने खालको घरेलु हिंसाका घटना बढी देखिएको आचार्यले बताए । सामान्य भन्दा यस्तो अवस्थामा हिंसाका घटना बढी मात्रामा हुने शारीरिक श्रम नगरेर घरमै बसिरहँदा आपराधिक मानसिकता भएकाहरुले यस्तो बेला हिंसाका घटना गराउने गरेको प्रनाउ गुरुङ बताए । उनका अनुसार जस्तोसुकै अवस्थामा पनि प्रहरी यस्ता घटना नियन्त्रणका लागि सजग छ । जिल्ला प्रहरी कार्यालयका अनुसार चालु आर्थिक वर्षमा करणीका १३ उजूरी परेका छन् । त्यसरी प्राप्त उजुरीमध्ये १२ जबर्जस्ती करणी र एउटा जबर्जस्ती करणी उद्योगका रुपमा घटना दर्ता भएका छन । यो संख्या अघिल्ला वर्षमा हुने करणीका घटनाको तुलनामा धेरै हो ।",https://www.khabarhub.com/2020/15/164702/,"लकडाउनयता,जबर्जस्ती,करणी,घटना,गत,चैत,गते,परिवर्तन,गाउँपालि,वर्षीय,अर्जुन,घर्ती,युवती,जबर्जस्ती,करणी,अभियुक्त,घर्ती,प्रहरी,पक्राउ,मुद्दा,चलाए,अदालत,आदेश,उन,पुर्पक्ष,कारागार,चलान,गरिए,प्रहरी,कार्यालय,प्रहरी,नायब,उपरीक्षक,चित्रबहादुर,गुरुङ,जानकारी,गत,वैशाख,गते,रुन्टीगढी,गाउपालिका,वर्षीय,युवक,बालिका,जवर्जस्ती,करणी,पीडक,फरार,बालिका,परिवा,छिन्,पीडित,बालिका,सामान्य,रहे,प्रनाउ,गुरुङ,जानकारी,फरार,अभियुक्त,खोजी,भइ,प्रहरी,जनाए,कोभिड,सन्त्रास,सरकार,घोषणा,लकडाउन,थपिँदै,जाँदा,महिला,हिंसा,घटना,बढि,महिला,घरेलु,यौन,हिंसा,शिकार,लकडाउन,निस्कने,नहुँदा,हिंसा,सहेर,बसे,सरोकार,पक्ष,भनाइ,घटना,प्रशस्त,प्रहरी,कार्यालय,सञ्चालन,महिला,बालबालि,सेल,उजुरी,परे,उजुरी,दिएका,मिलापत्र,पठाइए,छलफल,बाँकी,रहे,प्रहरी,कार्यालय,महिला,बालबालि,सेल,इञ्चार्ज,मीना,विक,उजुरी,सदरमुकाम,आसपास,पीडित,रहे,इञ्चार्ज,विक,हिंसा,पीडित,महिला,बालबालि,सेल,फोन,आफ्ना,समस्या,उजुरी,आधार,समस्या,सम्बोधन,उन,“यस,अवधि,पति,कुटपिट,परेर,हिंसा,भोगि,महिला,संख्या,देखिए,छ”,विक,लकडाउन,निस्कन,नभएका,कतिपय,महिला,हिंसा,लुकाउन,बाध्य,महिला,मानवअधिकार,रक्षक,सञ्जाल,अध्यक्ष,तीर्था,आचार्य,भौगोलिक,विकटता,बालबालिका,लिएर,सदरमुकाम,आउन,नसके,महिला,हिंसा,सहेर,बस्न,बाध्य,रहे,अध्यक्ष,आचार्य,भनाइ,“स्थानीय,तह,न्यायिक,समिति,स्थानीय,प्रशासन,अदालत,उजुरी,वातावरण,नहुँदा,महिला,हिंसा,सहन,बाध्य,छन्”,आचार्य,“नजिकको,प्रहरी,युनिट,उजुरी,छलफल,वातावरण,”,घरेलु,हिंसा,भोगि,करीब,महिला,मोबाइल,कुराकानी,आचार्य,भनाइ,अवधि,मादक,पदार्थ,सेवन,श्रीमती,कुटपिट,खाल,घरेलु,हिंसा,घटना,देखिए,आचार्य,सामान्य,हिंसा,घटना,मात्रा,शारीरिक,श्रम,नगरेर,बसिरहँदा,आपराधिक,मानसिकता,बेला,हिंसा,घटना,गराउने,प्रनाउ,गुरुङ,उन,जस्तोसु,प्रहरी,यस्ता,घटना,नियन्त्रण,सजग,प्रहरी,कार्यालय,चालु,आर्थिक,वर्ष,करणी,उजूरी,परे,त्यसरी,प्राप्त,उजुरी,जबर्जस्ती,करणी,जबर्जस्ती,करणी,उद्योग,रुप,घटना,संख्या,अघिल्ला,वर्ष,करणी,घटना,तुलना"
14/05/2020,सगरमाथाबारे भ्रम फैलाएको भन्दै महोत्तरीमा चिनियाँ राष्ट्रपतिको पुत्ला दहन," महोतरी-महोत्तरीको बर्दिवासमा स्थानीय युवाहरुले चिनियाँ राष्ट्रपति सी चीनफिङको पुत्ला दहन गरेका छन् । नेपाल प्रहरीमाथि चिनीयाँ नागरिकहरुले गरेको आक्रमण र चिनियाँ मिडियाले सर्वोच्च शिखर सगरमाथा आफ्नो भूमिमा रहेको भन्दै ट्वीट गरेको विषयलाई लिएर लालबन्दीमा युवाहरुले चिनियाँ राष्ट्रपति सी चीनफिङको पुत्ला दहन गरेका हुन् । बर्दीवासमा गौतम पाण्डको नेतृत्वमा युवाहरुको समूहले चिनीयाँ राष्ट्रपति जिनपिङको पुतला दहन गरेका हुन् । केही दिन अघिचीनको राष्ट्रिय टेलिभिजन चाइना ग्लोबल टेलिभिजन नेटवर्कले आधिकारिक ट्वीटर पेजमा चोमोलोङमाको चुचुरो माथि देखिएको विशेष किसिमको सूर्यको दृश्य भनी तस्बिर राखेको थियो । जसमा विश्वको सर्वोच्च शिखर माउन्ट एभरेष्ट चीनमा पर्छ भनिएको छ । त्यस्तै, चिनीयाँ नागरिकहरु नेपालमै वसी नेपाल प्रहरीमाथि आक्रमण गर्नु गम्भीर विषय बनेको भन्दै युवाहरु आक्रोस पोखेका छन् । केहिदिन अघिमात्र राजधानी काठमाडौंका विभिन्न क्षेत्रमा बस्ने चिनियाँहरू सिंहदरबार अगाडि भेला भएर नेपाल प्रहरीमाथि आक्रमण गरेका थिए ।  स्वदेश फर्किन पाउनुपर्ने मागसहित सिंहदरबार अगाडि प्रदर्शनमा उत्रेका चिनियाँलाई हटाउन खोज्दा प्रहरीमाथि नै आक्रामक बनेका थिए । सोही विषयमा युवाहरु आक्रोस पोखेका हुन् । यसअघि, सिन्धुलीको भिमानमा डा. केशव पौडेलको नेतृत्वमा केही युवाहरुले सोही विषयमा चिनियाँ राष्ट्रपति सी चीनफिङको पुत्ला दहन गरेका थिए । यसैबीच सर्लाहीका युवाहरुले पनि सोही विषयलाई लिएर चीन विरोधी नारा लगाउँदै चिनयाँ राष्ट्रपतिको पुत्ला दहन गरेका छन् ।",https://www.khabarhub.com/2020/13/164226/,"महोतरी,महोत्तरीको,बर्दिवास,स्थानीय,युवा,चिनियाँ,राष्ट्रपति,सी,चीनफिङ,पुत्ला,दहन,प्रहरी,चिनीयाँ,नागरिक,आक्रमण,चिनियाँ,मिडिया,सर्वोच्च,शिखर,सगरमाथा,भूमि,रहे,ट्वीट,विषय,लिएर,लालबन्दी,युवा,चिनियाँ,राष्ट्रपति,सी,चीनफिङ,पुत्ला,दहन,बर्दीवास,गौतम,पाण्ड,नेतृत्व,युवा,समूह,चिनीयाँ,राष्ट्रपति,जिनपिङ,पुतला,दहन,अघिचीन,राष्ट्रिय,टेलिभिजन,चाइना,ग्लोबल,टेलिभिजन,नेटवर्क,आधिकारिक,ट्वीटर,पेज,चोमोलोङमा,चुचुरो,देखिए,विशेष,किसिम,सूर्य,दृश्य,भनी,तस्बिर,जस,विश्व,सर्वोच्च,शिखर,माउन्ट,एभरेष्ट,चीन,भनिए,चिनीयाँ,नागरिक,वसी,प्रहरी,आक्रमण,गम्भीर,विषय,युवा,आक्रोस,पोखे,केहिदिन,राजधानी,काठमाडौं,विभिन्न,क्षेत्र,बस्ने,चिनियाँ,सिंहदरबार,भेला,प्रहरी,आक्रमण,स्वदेश,फर्किन,पाउनु,माग,सिंहदरबार,प्रदर्शन,उत्रे,चिनियाँ,हटाउन,खोज्दा,प्रहरी,आक्रामक,विषय,युवा,आक्रोस,पोखे,भिमान,डा,केशव,पौडेल,नेतृत्व,युवा,विषय,चिनियाँ,राष्ट्रपति,सी,चीनफिङ,पुत्ला,दहन,यसै,युवा,विषय,लिएर,चीन,विरोधी,नारा,लगाउँदै,चिनयाँ,राष्ट्रपति,पुत्ला,दहन"
13/05/2020,सगरमाथाबारे भ्रम फैलाएको भन्दै बाराका युवाहरुद्वारा चीनविरुद्ध प्रदर्शन, काठमाडौं- सर्वोच्च शिखर सगरमाथाबारे चिनियाँ मिडियाले भ्रम छरेको भन्दै बाराका युवाहरुले चीनविरुद्ध प्रदर्शन गरेका छन् । बाराका स्थानीय युवाहरु मंगलबार राष्ट्रिय झण्डासहित प्रदर्शनमा उत्रिएका हुन । उनीहरुले चीन विरोधी नारा लगाउँदै चिनियाँ राष्ट्रपतिको पुत्दा समेत दहन गरे । ‘गो ब्याक चाइना’ लेखिएका प्ले कार्डसहित उनीहरु चीनविरूद्ध प्रदर्शन गरेका हुन् ।  २ मे मा चीनको राष्ट्रिय टेलिभिजन चाइना ग्लोबल टेलिभिजन नेटवर्कले आधिकारिक ट्वीटरमा चोमोलोङमाको चुचुरोमाथि देखिएको विशेष किसिमको सूर्यको दृश्य भनी तस्बिर राखेको थियो । जसमा विश्वको सर्वोच्च शिखर माउन्ट एभरेष्ट चीनमा पर्छ भनिएको थियो । सो विषयलाई लिएर उनीहरुले विरोध जनाएका हुन् । यही विषयमा नेपालीहरुले सामाजिक सञ्चालमा चीनको विरोध जनाइरहेका छन् । गलत सूचना सम्प्रेषण गरेको भन्दै सामाजिक सञ्जालमा विरोध भएको हो । उनीहरुले ऐतिहासिक तथ्य हेर्न र सच्याउन सुझाव दिएका छन् ।,https://www.khabarhub.com/2020/12/163824/,"काठमाडौं,सर्वोच्च,शिखर,सगरमाथा,चिनियाँ,मिडिया,भ्रम,छरे,युवा,चीन,प्रदर्शन,स्थानीय,युवा,मंगलबार,राष्ट्रिय,झण्डा,प्रदर्शन,उत्रिए,चीन,विरोधी,नारा,लगाउँदै,चिनियाँ,राष्ट्रपति,पुत्दा,दहन,गो,ब्याक,चाइना,लेखिए,प्,कार्ड,चीनविरूद्ध,प्रदर्शन,मे,चीन,राष्ट्रिय,टेलिभिजन,चाइना,ग्लोबल,टेलिभिजन,नेटवर्क,आधिकारिक,ट्वीटर,चोमोलोङमा,चुचुरो,देखिए,विशेष,किसिम,सूर्य,दृश्य,भनी,तस्बिर,जस,विश्व,सर्वोच्च,शिखर,माउन्ट,एभरेष्ट,चीन,भनिए,विषय,लिएर,विरोध,जनाए,विषय,नेपाली,सामाजिक,सञ्चाल,चीन,विरोध,जनाइ,गलत,सूचना,सम्प्रेषण,सामाजिक,सञ्जाल,विरोध,ऐतिहासिक,तथ्य,हेर्न,सच्याउन,सुझाव"
12/05/2020,सगरमाथाबारे भ्रम फैलाएको भन्दै गोरखामा चिनियाँ राष्ट्रपतिको पुत्ला दहन, काठमाडौं- सगरमाथाबारे चिनियाँ मिडियाले भ्रम फैलाएको भन्दै नेपाली कांग्रेसको भ्रातृ संगठन नेविसंघ र तरुणदलले गोरखामा चिनियाँ राष्ट्रपतिको पुत्ला दहन गरेका छन् । उनीहरुले चिन विरोधी नारा लगाउँदै राँके जुलुस समेत निकालेका हुन। नेविसंघ गोरखा नगरपालिका र तरुण दलद्वारा आयोजित राके जुलुस एवम् पुत्ला दहन कार्यक्रमा उनीहरुले सरकारको समेत विरोध गरेका थिए । उनीहरुले नेपालमा विदेशी हस्तक्षेप हुँदा समेत सरकारले कुटनीतिक पहल नगरेको आरोप लगाएका छन् । नेबिसंघ गोरखा नगर सभापति सुमन पन्तको संयोजनमा भएको कार्यक्रममा चिनियाँ राष्ट्रपति सी चीनफिङको पुत्ला दहन गरिएको थियो ।उनीहरुले ‘गो ब्याक चाइना’ भारतीय हस्तक्षेप बन्द गर लगायतका नागर लगाएका थिए । केही दिन अघि चिनियाँ एक मिडियाले आधिकारिक ट्वीटरबाट सगरमाथा क्षेत्रका केही तस्वीरहरु समेत राखेर सगरमाथा चीनमा पर्ने उल्लेख गरेको थियो । यही विषयमा नेपालीहरुले सामाजिक सञ्जालमा समेत चीनको विरोध जनाएका छन् ।  नेबिसंघ गोरखा नगर सभापति सुमन पन्तको संयोजनमा भएको कार्यक्रममा चिनियाँ राष्ट्रपति सी चीनफिङको पुत्ला दहन गरिएको थियो ।उनीहरुले ‘गो ब्याक चाइना’ भारतीय हस्तक्षेप बन्द गर लगायतका नागर लगाएका थिए । केही दिन अघि चिनियाँ एक मिडियाले आधिकारिक ट्वीटरबाट सगरमाथा क्षेत्रका केही तस्वीरहरु समेत राखेर सगरमाथा चीनमा पर्ने उल्लेख गरेको थियो । यही विषयमा नेपालीहरुले सामाजिक सञ्जालमा समेत चीनको विरोध जनाएका छन् ।,https://www.khabarhub.com/2020/12/163851/,"काठमाडौं,सगरमाथा,चिनियाँ,मिडिया,भ्रम,फैलाए,नेपाली,कांग्रेस,भ्रातृ,संगठन,नेविसंघ,तरुणदल,चिनियाँ,राष्ट्रपति,पुत्ला,दहन,चिन,विरोधी,नारा,लगाउँदै,राँके,जुलुस,निकाले,नेविसंघ,नगरपालि,तरुण,दल,आयोजित,राके,जुलुस,एवम्,पुत्ला,दहन,कार्यक्र,सरकार,विरोध,विदेशी,हस्तक्षेप,हुँदा,सरकार,कुटनीतिक,पहल,नगरे,आरोप,लगाए,नेबिसंघ,नगर,सभापति,सुमन,पन्त,संयोजन,कार्यक्रम,चिनियाँ,राष्ट्रपति,सी,चीनफिङ,पुत्ला,दहन,गरिए,गो,ब्याक,चाइना,भारतीय,हस्तक्षेप,बन्द,गर,नागर,लगाए,चिनियाँ,मिडिया,आधिकारिक,ट्वीटर,सगरमाथा,क्षेत्र,तस्वीर,राखेर,सगरमाथा,चीन,उल्लेख,विषय,नेपाली,सामाजिक,सञ्जाल,चीन,विरोध,जनाए,नेबिसंघ,नगर,सभापति,सुमन,पन्त,संयोजन,कार्यक्रम,चिनियाँ,राष्ट्रपति,सी,चीनफिङ,पुत्ला,दहन,गरिए,गो,ब्याक,चाइना,भारतीय,हस्तक्षेप,बन्द,गर,नागर,लगाए,चिनियाँ,मिडिया,आधिकारिक,ट्वीटर,सगरमाथा,क्षेत्र,तस्वीर,राखेर,सगरमाथा,चीन,उल्लेख,विषय,नेपाली,सामाजिक,सञ्जाल,चीन,विरोध,जनाए"
11/05/2020,दूतावास अगाडि प्रदर्शन गर्न पुगेका राप्रपाका कार्यकर्ता पक्राउ," काठमाडौं- नेपाली भूमि लिपुलेक हुँदै भारतले सडक निर्माण गरीसीमा अतिक्रमण गरेको भन्दै राप्रपाको भातृ संगठन युवा, विद्यार्थी र महिला संगठनले आज राजधानीमा विरोध प्रदर्शन गरेको छ । भारतीय राजदूतावास अगाडि जाने क्रममा ती संगठनले गरेको प्रदर्शनमा प्रहरीले हस्तक्षप गरेको छ । राष्ट्रिय प्रजातान्त्रिक युवा संगठनका अध्यक्ष प्रकाश रिमाल, विद्यार्थी संगठनका अध्यक्ष महेश बहादुर सिंह, महिला संगठनकी अध्यक्ष कुन्ती शाही, उपाध्यक्ष सरस्वती लामा, युवा उपाध्यक्ष कैलाश कटुवाललगायतलाई प्रहरीले नियन्त्रणमा लिएको छ ।",https://www.khabarhub.com/2020/11/163267/,"काठमाडौं,नेपाली,भूमि,लिपुलेक,हुँदै,भारत,सडक,निर्माण,गरीसी,अतिक्रमण,राप्रपा,भातृ,संगठन,युवा,विद्यार्थी,महिला,संगठन,राजधानी,विरोध,प्रदर्शन,भारतीय,राजदूतावास,क्रम,संगठन,प्रदर्शन,प्रहरी,हस्तक्षप,राष्ट्रिय,प्रजातान्त्रिक,युवा,संगठन,अध्यक्ष,प्रकाश,रिमाल,विद्यार्थी,संगठन,अध्यक्ष,महेश,बहादुर,सिंह,महिला,संगठन,अध्यक्ष,कुन्ती,शाही,उपाध्यक्ष,सरस्वती,लामा,युवा,उपाध्यक्ष,कैलाश,कटुवाललगायत,प्रहरी,नियन्त्रण,लिए"
11/05/2020,म्याग्दीमा बुबाको हत्या अभियोगमा छोरा पक्राउ, म्याग्दी – म्याग्दीको बेनी नगरपालिका–१ रत्नेचौरको सिममा ढुङ्गा प्रहार गरी आफ्नै बुबाको हत्या गरेको अभियोगमा आइतबार साँझ प्रहरीले एक जनालाई पक्राउ गरेको छ । शनिबार राति १० बजे बेनी नगरपालिका–१ रत्नेचौरका २९ वर्षीय कुमार थापा मगरले आफ्नै बुबा ५१ वर्षीय मीनबहादुरलाई टाउकामा ढुङ्गा प्रहार गरेर सख्त घाइते बनाएका थिए । बुबा मीनबहादुरको उपचारका क्रममा पोखरामा आइतबार साँझ मृत्यु भएको जिल्ला प्रहरी कार्यालय म्याग्दीका प्रहरी नायब उपरीक्षक किरणजङ्ग कुँवरले जानकारी दिए । अभियुक्त कुमारलाई पक्राउ गरी जिल्ला प्रहरी कार्यालयमा ल्याइएको उनले बताए । अभियुक्त कुमारले प्रहार गरेको ढुङ्गाले अचेत भएका मीनबहादुरलाई बेनी अस्पतालमा उपचार सम्भव नभएपछि पोखराको मणिपाल अस्पतालमा सिफारिस गरिएको थियो । कुँवरका अनुसार छोराले ढुङ्गा प्रहार गरेको प्रत्यक्षदर्शी कुमारकी आमाको बयान दिएकी र छोरा कुँवरले पनि स्वीकार गरेका छन् ।,https://www.khabarhub.com/2020/11/163204/,"बेनी,नगरपालि,रत्नेचौर,सिम,ढुङ्गा,प्रहार,बुबा,हत्या,अभियोग,आइतबार,साँझ,प्रहरी,पक्राउ,शनिबार,राति,बजे,बेनी,नगरपालि,रत्नेचौर,वर्षीय,कुमार,थापा,मगर,बुबा,वर्षीय,मीनबहादुर,टाउका,ढुङ्गा,प्रहार,सख्त,घाइते,बनाए,बुबा,मीनबहादुर,उपचार,क्रम,पोखरा,आइतबार,साँझ,मृत्यु,प्रहरी,कार्यालय,प्रहरी,नायब,उपरीक्षक,किरणजङ्ग,कुँवर,जानकारी,अभियुक्त,कुमार,पक्राउ,प्रहरी,कार्यालय,ल्याइए,उन,अभियुक्त,कुमार,प्रहार,ढुङ्गा,अचेत,मीनबहादुर,बेनी,अस्पताल,उपचार,नभए,पोखरा,मणिपाल,अस्पताल,सिफारिस,गरिए,कुँवर,छोरा,ढुङ्गा,प्रहार,प्रत्यक्षदर्शी,कुमार,आमा,बयान,छोरा,कुँवर,स्वीकार"
10/05/2020,प्रधानमन्त्री ओलीको राजीनामा माग्दै प्रदर्शन," काठमाडौं- भारत सरकारले नेपाली भूमि लिपुलेक मानसरोबर यात्रा गर्ने सडक खनेपछि त्यसको विरोधमा प्रदर्शन भएको छ । शनिवार माइतीघर मण्डलामा लकडाउनको उल्लंघन गर्दै भेला भएका युवाहरुले भारतीय कदमको विरोध गर्दै नेपाल सरकारलाई खबरदारी गरे । उनीहरु ले प्रधानमन्त्री केपी शर्मा ओलीको राजीनामासमेत माग गरेका थिए । उनीहरुले ओली सरकार राजीनामा दे, हाम्रो भूमि प्राण भन्दा प्यारो छ लगायतका नारा लगाएका थिए । प्रदर्शनमा उत्रिएका युवाह?लाई प्रहरीले नियन्त्रणमा लिएको छ । यस्तै उक्त सडक बनाएको विरोधमा सत्ता?ढ दल सम्बध्ध केही युवाले भारतीय दूतावास अघि प्रदर्शन गरेका थिए । भारतीय दूतावास अगाडि प्रदर्शनमा उत्रिएका ३३ विद्यार्थीलाई प्रहरीले पक्राउ गरेको लकडाउन उल्लङ्घन गरेकाले उनीहरुलाई आज पक्राउ गरिएको महानगरीय प्रहरी परिसर काठमाडौँका प्रमुख, प्रहरी वरिष्ठ उपरीक्षक श्यामलाल ज्ञवालीले जानकारी दिए । विद्यार्थी राष्ट्रिय झण्डासहित प्लेकार्ड बोकेर सो दूतावास अगाडि प्रदर्शन गर्न पुगेका थिए । सत्तारुढ नेपाल कम्युनिस्ट पार्टी नेकपा निकट विद्यार्थीले यसरी प्रदर्शन गरेका जनाइएको छ । सोही क्रममा विद्यार्थी नेता सुदेश पराजुली, यशु लामा, महेश श्रेष्ठ, अशोक थापा, मेघनाथ चापागाईंलगायत ३३ जना पक्राउ परेका हुन् । नेपालको भूगोलमा रहेको लिपुलेक, कालापानीबाट चीनको स्वशासित क्षेत्र तिब्बतको मानसरोवर जोड्ने सडक ट्र्याकको उद्घाटन गरेको समाचार भारतका सङ्घीय रक्षामन्त्री राजनाथ सिंहले ट्वीटमार्फत सार्वजनिक गरेका छन् ।",https://www.khabarhub.com/2020/09/162476/,"काठमाडौं,भारत,सरकार,नेपाली,भूमि,लिपुलेक,मानसरोबर,यात्रा,सडक,खने,विरोध,प्रदर्शन,शनिवार,माइतीघर,मण्डला,लकडाउन,उल्लंघन,भेला,युवा,भारतीय,कदम,विरोध,सरकार,खबरदारी,प्रधानमन्त्री,केपी,शर्मा,ओली,राजीनामा,माग,ओली,सरकार,राजीना,दे,भूमि,प्राण,प्यारो,नारा,लगाए,प्रदर्शन,उत्रिए,युवाह,प्रहरी,नियन्त्रण,लिए,सडक,बनाए,विरोध,सत्ता,ढ,दल,सम्बध्ध,युवा,भारतीय,दूतावास,प्रदर्शन,भारतीय,दूतावास,प्रदर्शन,उत्रिए,विद्यार्थी,प्रहरी,पक्राउ,लकडाउन,उल्लङ्घन,पक्राउ,गरिए,महानगरीय,प्रहरी,परिसर,प्रमुख,प्रहरी,वरिष्ठ,उपरीक्षक,श्यामलाल,ज्ञवाली,जानकारी,विद्यार्थी,राष्ट्रिय,झण्डा,प्लेकार्ड,बोकेर,दूतावास,प्रदर्शन,पुगे,सत्तारुढ,कम्युनिस्ट,पार्टी,नेकपा,विद्यार्थी,प्रदर्शन,जनाइए,क्रम,विद्यार्थी,नेता,सुदेश,पराजुली,यशु,लामा,महेश,श्रेष्ठ,अशोक,थापा,मेघनाथ,चापागाईं,पक्राउ,परे,भूगोल,रहे,लिपुलेक,कालापानी,चीन,स्वशासित,क्षेत्र,तिब्बत,मानसरोवर,जोड्ने,सडक,ट्र्याक,उद्घाटन,समाचार,भारत,सङ्घीय,रक्षामन्त्री,राजनाथ,सिंह,ट्वीट,सार्वजनिक"
08/05/2020,ढुंगा प्रहार गरी भिनाजुको हत्या गरेको अभियोगमा १ जना पक्राउ, खोटाङ– ढुंगा प्रहार गरी आफ्नै भिनाजुको हत्या गरेको अभियोगमा खोटाङ प्रहरीले १ जनालाई पक्राउ गरेको छ । पक्राउ पर्नेमा केपिलासगढी गाउँपालिका-२ चोखाने सिराने बस्ने २७ वर्षीय मिलन राई छन् । मिलनले आफ्नै भिनाजु ४७ वर्षीय प्रितिलाल राईलाई टाउकोमा ढुंगा प्रहार गर्दा घटनास्थलमै मृत्यु भएको थियो । स्थानीयको सूचनाका आधारमा जिल्ला प्रहरी कार्यालय खोटाङ र ईलाका प्रहरी कार्यालय बाक्सिला तथा प्रहरी चौकी खार्ताम्छाबाट खटिएको प्रहरीले राईलाई घटनास्थलबाट पक्राउ गरेको हो । घटनाको सम्बन्धमा आवश्यक अनुसन्धान र सोधपुछका लागि मिलनकै भाइ २० वर्षीय जिवन राईलाई समेत प्रहरीले नियन्त्रणमा लिएको छ ।,https://www.khabarhub.com/2020/08/162045/,"ढुंगा,प्रहार,भिनाजु,हत्या,अभियोग,प्रहरी,पक्राउ,पक्राउ,केपिलासगढी,गाउँपालि,चोखाने,सिराने,बस्ने,वर्षीय,मिलन,राई,मिलन,भिनाजु,वर्षीय,प्रितिलाल,राई,टाउको,ढुंगा,प्रहार,घटनास्थल,मृत्यु,स्थानीय,सूचना,आधार,प्रहरी,कार्यालय,ईला,प्रहरी,कार्यालय,बाक्सिला,प्रहरी,चौकी,खार्ताम्छा,खटिए,प्रहरी,राई,घटनास्थल,पक्राउ,घटना,सम्बन्ध,आवश्यक,अनुसन्धान,सोधपुछ,मिलन,भाइ,वर्षीय,जिवन,राई,प्रहरी,नियन्त्रण,लिए"
05/05/2020,प्रहरीमाथि हातपात गरेको आरोपमा रौतहटमा १ जना पक्राउ,साङ्केतिक तस्वीर रौतहट– प्रहरीमाथि हातपात तथा अभद्र व्यवहार गरेको अभियोगमा रौतहटमा १ जना व्यक्ति पक्राउ परेका छन् । पक्राउ पर्नेमा जिल्लाको राजपुर नगरपालिका-५ बस्ने ५० वर्षीय राजकिशोर भाट माली छन् । घरायसी विवादमा राजकिशोर र छिमेकीबीच झगडा भएको भन्ने खबर प्राप्त हुनासाथ ईलाका प्रहरी कार्यालय राजपुरबाट खटिएको प्रहरीले सम्झाइ बुझाइ गर्ने क्रममा उनले प्रहरीमाथि नै हातपात तथा अभद्र व्यवहार गरेका थिए । सम्झाइ बुझाइ गर्ने क्रममा प्रहरीमाथि हातपात गरेपछि सोमबार राति नै प्रहरीले उनलाई पक्राउ गरेको हो । साथै प्रहरीमाथि हातपात गर्ने अर्का व्यक्ति सोही ठाउँ बस्ने २२ वर्षीय धर्मेन्द्र भगत माली भने फरार भएका प्रहरीले जानकारी दिएको छ । प्रहरील फरार रहेका भगतको खोजी भइरहेको जानकारी दिएको छ ।,https://www.khabarhub.com/2020/05/160621/,"साङ्केतिक,तस्वीर,प्रहरी,हातपात,अभद्र,व्यवहार,अभियोग,व्यक्ति,पक्राउ,परे,पक्राउ,राजपुर,नगरपालि,बस्ने,वर्षीय,राजकिशोर,भाट,माली,घरायसी,विवाद,राजकिशोर,छिमेकी,झगडा,खबर,प्राप्त,हुना,ईला,प्रहरी,कार्यालय,राजपुर,खटिए,प्रहरी,सम्झाइ,बुझाइ,क्रम,उन,प्रहरी,हातपात,अभद्र,व्यवहार,सम्झाइ,बुझाइ,क्रम,प्रहरी,हातपात,सोमबार,राति,प्रहरी,उन,पक्राउ,प्रहरी,हातपात,अर्,व्यक्ति,ठाउँ,बस्ने,वर्षीय,धर्मेन्द्र,भगत,माली,फरार,प्रहरी,जानकारी,प्रहरील,फरार,रहे,भगत,खोजी,भइ,जानकारी"
04/05/2020,घर जान नपाएपछि नेपालगञ्ज विमानस्थल अगाडि धर्ना," बाँके– निजी वायुसेवा कम्पनीले उडान रोकेपछि हुम्ला जान जहाजको टिकट लिएका यात्रुहरु नेपालगञ्जमै अलपत्र परेका छन् । अध्ययन, व्यापार र अन्य कामको सिलसिलमा जिल्ला बाहिर रहेकै समयमा कोभिड–१९ को जोखिम हुन नदिन लकडाउन जारी भएपछि अलपत्र परेका सो जिल्लाका नागरिक नेपालगञ्ज विमानस्थलमा अलपत्र परेका हुन् । यहाँ कोरोनाको जोखिम बढेपछि निजी वायुसेवा कम्पनीले एकाएक उडान स्थगित गरेको बताइएको छ । यसअघि पछिल्ला दुई दिनमा यहाँबाट झण्डै ३०० यात्रुलाई हवाईमार्ग हुँदै सो जिल्ला ओसारिएको थियो । यहाँ रहेका ४९५ जनामध्ये अब अझै १९५ जना यही अलपत्र परेको अनुमान छ । ती मध्ये सोमबारका लागि टिकट लिएका ७० जनाभन्दा बढी यात्रु विमानस्थलमा अलपत्र परेका छन् । टिकट काटिसकेका उनीहरुले विमानस्थल पुग्दा उडान नहुने जानकारी पाएपछि आफूहरु घर जान पाउनुपर्ने माग गर्दै विमानस्थल अगाडिको मुख्य सडकमै धर्ना दिनुपरेको जनाएका छन् । यात्रु वर्ष भण्डारीले विमानस्थलतर्फ जाँदा आजदेखि उडान नहुने जानकारी पाएपछि विमानस्थलको मुख्य प्रवेश मार्गमै धर्नामा बस्नुपरेको बताएका छन् । यहाँबाट सो स्थानमा उडान भर्दै आएका जहाजका चालकले उडान भर्न नमान्दा सो स्थान जाने यात्रु यही रोकिएका हुन् । समिट एयरले लकडाउन अवधिभर उडान स्थगित गरेको जनाएको छ । सो जिल्लावासीको मागलाई मध्यनजर गर्दै सो जिल्लाका नागरिक ओसार्ने काम शनिबारबाट शुरु भएको हो । सीता एयरका तीनवटा, तारा र समिट एयरका एक/एकवटा जहाजमार्फत यहाँ फसेका सो जिल्लाका नाम्खा, सिमकोट र खार्पुनाथ गाउँपालिकाका नागरिकको उद्धार शुरु भएको थियो । यीमध्ये विद्यार्थी, अपाङ्ता भएका व्यक्ति, साठी वर्षमाथिका नागरिकलाई प्राथमिकता दिएर ओसार्न शुरु भएको थियो । कोरोना भाइरसको जोखिम बढेपछि एकाएक उडान स्थगित गरिएको जनाइएको छ । जिल्ला बाहिर फसेका नागरिकलाई हवाईमार्गबाट उद्धारका लागि सो जिल्लाका जनप्रतिनिधिको आग्रहअनुसार पर्यटन मन्त्रालयले सडक सञ्जाल नजोडिएका हिमाली जिल्लाका नागरिकलाई उद्धार गर्ने निर्णय गरेको थियो ।",https://www.khabarhub.com/2020/04/160230/,"निजी,वायुसेवा,कम्पनी,उडान,रोके,जहाज,टिकट,लिए,यात्रु,नेपालगञ्ज,अलपत्र,परे,अध्ययन,व्यापार,सिलसिल,रहे,कोभिड,जोखिम,नदिन,लकडाउन,जारी,अलपत्र,परे,नागरिक,नेपालगञ्ज,विमानस्थल,अलपत्र,परे,कोरोना,जोखिम,बढे,निजी,वायुसेवा,कम्पनी,एकाएक,उडान,स्थगित,बताइए,पछिल्ला,झण्डै,यात्रु,हवाईमार्ग,हुँदै,ओसारिए,रहे,अलपत्र,परे,अनुमान,सोमबार,टिकट,लिए,यात्रु,विमानस्थल,अलपत्र,परे,टिकट,काटि,विमानस्थल,पुग्दा,उडान,नहुने,जानकारी,पाए,पाउनु,माग,विमानस्थल,सडक,धर्ना,दिनुपरे,जनाए,यात्रु,वर्ष,भण्डारी,विमानस्थल,जाँदा,उडान,नहुने,जानकारी,पाए,विमानस्थल,प्रवेश,मार्ग,धर्ना,बस्नुपरे,स्थान,उडान,भर्दै,जहाज,चालक,उडान,भर्न,नमान्दा,स्थान,यात्रु,रोकिए,समिट,एयर,लकडाउन,अवधि,उडान,स्थगित,जनाए,जिल्लावासी,माग,मध्यनजर,नागरिक,ओसार्ने,शनिबार,शुरु,सीता,एयर,तारा,समिट,एयर,एकवटा,जहाज,फसे,नाम्खा,सिमकोट,खार्पुनाथ,गाउँपालिका,नागरिक,उद्धार,शुरु,विद्यार्थी,अपाङ्ता,व्यक्ति,साठी,वर्षमाथि,नागरिक,प्राथमिकता,दिएर,ओसार्न,शुरु,कोरोना,भाइरस,जोखिम,बढे,एकाएक,उडान,स्थगित,गरिए,जनाइए,फसे,नागरिक,हवाईमार्ग,उद्धार,जनप्रतिनिधि,आग्रह,पर्यटन,मन्त्रालय,सडक,सञ्जाल,नजोडिए,हिमाली,नागरिक,उद्धार,निर्णय"
04/05/2020,लकडाउनका बेला सिमेन्ट कालोबजारी गरेको भन्दै २ जना पक्राउ," जनकपुरधाम– कोरोना भाइरस (कोभिड १९) महामारी नियन्त्रणका लागि जारी लकडाउनका बेला सिमेन्टको कालोबजारी गरेको अभियोगमा धनुषा प्रहरीले २ जनालाई पक्राउ गरेको छ । पक्राउ पर्नेमा जनकपुर उपमहानगरपालिका–११ स्थित आनन्द इन्टर प्राइजेजका सञ्चालक ४८ वर्षीय राम प्रताप साह र जनकपुर–४ माछाबजारस्थित चन्दन आइरन स्टोरका सञ्चालन सत्यनारायण चौधरीका २० वर्षीया छोरा चन्चल कुमार चौधरी छन् । प्रहरीका अनुसार दुवै जनालाई बजार भाउभन्दा बढी मूल्य लिएर सिमेन्ट बिक्री गर्दै आएका थिए ।  स्थानीय उपभोक्ताको सूचनाको आधारमा पुगेको प्रहरीले आनन्द इन्टर प्राइजेजको गोदामबाट ४९ बोरा सिमेन्ट समेत बरामद गरेको छ । यस्तै, जनकपुर–४ माछाबजारस्थित चन्दन आइरन स्टोरबाट ४ सय २० बोरा सिमेन्ट बरामद भएको जिल्ला प्रहरी कार्यालय धनुषाले जानकारी दिएको छ । प्रहरीले दुवै सिमेन्ट पसलमा सिलबन्दी गरेर आवश्यक अनुसन्धान अगाडि बढाइएको जनाएको छ ।",https://www.khabarhub.com/2020/03/159827/,"जनकपुरधाम,कोरोना,भाइरस,कोभिड,महामारी,नियन्त्रण,जारी,लकडाउन,बेला,सिमेन्ट,कालोबजारी,अभियोग,प्रहरी,पक्राउ,पक्राउ,जनकपुर,उपमहानगरपालि,आनन्द,इन्टर,प्राइजेज,सञ्चालक,वर्षीय,राम,प्रताप,साह,जनकपुर,माछाबजार,चन्दन,आइरन,स्टोर,सञ्चालन,सत्यनारायण,चौधरी,वर्षीया,छोरा,चन्चल,कुमार,चौधरी,प्रहरी,दुवै,बजार,भाउ,मूल्य,लिएर,सिमेन्ट,बिक्री,स्थानीय,उपभोक्ता,सूचना,आधार,पुगे,प्रहरी,आनन्द,इन्टर,प्राइजेज,गोदाम,बोरा,सिमेन्ट,बरामद,जनकपुर,माछाबजार,चन्दन,आइरन,स्टोर,बोरा,सिमेन्ट,बरामद,प्रहरी,कार्यालय,जानकारी,प्रहरी,दुवै,सिमेन्ट,पसल,सिलबन्दी,आवश्यक,अनुसन्धान,बढाइए,जनाए"
28/04/2020,सरकारका गतिविधिको विरोध गर्दै तरुणदलद्वारा तनहुँमा प्रदर्शन, तनहुँ- नेपाली कांग्रेसको भ्रातृ संगठन तरुण दलले तनहुँको दमौलीमा विरोध प्रदर्शन गरेको छ । सरकारका पछिल्ला गतिविधिको विरोध गर्दै तरुणदलले प्रदर्शन गरेको हो । तरुण दल व्यास नगर समितिले गरेको विरोध प्रदर्शनका क्रममा प्रहरीले हस्तक्षेप गरेको तरुण दलले जनाएको छ । प्रहरी र तरुण दलका कार्यकर्ताबीच केहीबेर झडपसमेत भएको थियो । तरुण दलका नेता–कार्यकर्ताले नाराबाजी गर्दै बजार परिक्रमा गरी कोणसभामा सामेल भएका थिए ।,https://www.khabarhub.com/2020/28/157773/,"नेपाली,कांग्रेस,भ्रातृ,संगठन,तरुण,दल,दमौली,विरोध,प्रदर्शन,सरकार,पछिल्ला,गतिविधि,विरोध,तरुणदल,प्रदर्शन,तरुण,दल,व्यास,नगर,समिति,विरोध,प्रदर्शन,क्रम,प्रहरी,हस्तक्षेप,तरुण,दल,जनाए,प्रहरी,तरुण,दल,कार्यकर्ता,केहीबेर,झडप,तरुण,दल,नेता,कार्यकर्ताले,नाराबाजी,बजार,परिक्र,कोणसभा,सामेल"
25/04/2020,ग्यासमा कालोबजारी गर्ने पक्राऊ, पर्वत – लकडाउनको फाइदा उठाउँदै खाना पकाउने एलपी ग्यास बढी मूल्यमा बेचेको आरोपमा जिल्ला प्रहरी कार्यालय पर्वतले एक व्यवसायीलाई पक्राउ गरेको छ । उपभोक्ताहरुको गुनासोका आधारमा प्रहरीले जलजला गाउँपालिका–३ वारिवेनीमा व्यवसाय गरी बस्ने मीनप्रसाद रेग्मीलाई बिहीबार नियन्त्रणमा लिएको हो । वारिवेनीमा सञ्चालित दिप्सन मेटल स्टोर्सका सञ्चालक रेग्मीमाथि बजार मूल्यभन्दा बढी रकम लिएर ग्यास बिक्री गरेको उपभोक्ताको आरोप छ । नेपाल आयल निगमले प्रतिसिलिण्डर ग्यासको मूल्य एक हजार ३७५ तथा ढुवानीसहित भरी सिलिण्डरको एक हजार ४०० र आधा सिलिण्डरको ७०० रुपैयाँ तोकेको छ । रेग्मीले एक हजार ७०० रुपैयाँ लिएर ग्यास बिक्री गरेको पाइएकाले पक्राउ गरेको प्रहरीले जनाएको छ । पीडित उपभोक्ताले जिल्ला प्रहरी कार्यालय पर्वत र जिल्ला प्रशासन कार्यालय पर्वतमा खरिद बिल र लिखित उजुरीसहित गुनासो गरेपछि प्रहरीले व्यवसायी रेग्मीलाई निजकै पसलबाट पक्राउ गरेको हो ।,https://www.khabarhub.com/2020/10/150479/,"लकडाउन,फाइदा,उठाउँदै,खाना,पकाउने,एलपी,ग्यास,मूल्य,बेचे,आरोप,प्रहरी,कार्यालय,व्यवसायी,पक्राउ,उपभोक्ता,गुनासो,आधार,प्रहरी,जलजला,गाउँपालि,वारिवेनी,व्यवसाय,बस्ने,मीनप्रसाद,रेग्मी,बिहीबार,नियन्त्रण,लिए,वारिवेनी,सञ्चालित,दिप्सन,मेटल,स्टोर्स,सञ्चालक,रेग्मी,बजार,मूल्य,रकम,लिएर,ग्यास,बिक्री,उपभोक्ता,आरोप,आयल,निगम,प्रतिसिलिण्डर,ग्यास,मूल्य,ढुवानी,सिलिण्डर,आधा,सिलिण्डर,रुपैयाँ,तोके,रेग्मी,रुपैयाँ,लिएर,ग्यास,बिक्री,पाइएका,पक्राउ,प्रहरी,जनाए,पीडित,उपभोक्ता,प्रहरी,कार्यालय,प्रशासन,कार्यालय,खरिद,बिल,लिखित,उजुरी,गुनासो,प्रहरी,व्यवसायी,रेग्मी,निज,पसल,पक्राउ"
04/04/2020,बढी मूल्यमा पेट्रोल बेच्ने पक्राउ, सिन्धुपाल्चोक – बजार मूल्यभन्दा बढी रकम लिई पेट्रोल बिक्री गरिरहेको अवस्थामा सिन्धुपाल्चोकबाट एक जनालाई प्रहरीले पक्राउ गरेको छ । पक्राउ पर्नेमा चौतारा साँगाचोकगढी नगरपालिका–७ मेलचौरस्थित जयमाता वनदेवी फ्युल सेन्टरका कर्मचारी कपिलवस्तु विजयनगर गाउँपालिका–५ का महेशकुमार चौधरी रहेका छन् । कोरोना भाइरसको जोखिम न्यूनीकरणका लागि नेपाल सरकारले लागू गरेको लकडाउनको समयमा बजार मूल्यभन्दा बढी प्रतिलिटर ११० का दरले पेट्रोल बेचिरहेको अवस्थामा चौधरीलाई पक्राउ गरिएको जिल्ला प्रहरी कार्यालय सिन्धुपाल्चोकका प्रहरी नायब उपरीक्षक माधवप्रसाद काफ्लेले जानकारी दिए । पेट्रोलपम्पमा कार्यरत कर्मचारीले बिल नदिई बजार मूल्यभन्दा बढी रकम लिएर पेट्रोल बेच्दै आइरहेको अवस्थामा उनलाई पक्राउ गरिएको प्रहरी नायब उपरीक्षक काफ्लेले बताए ।,https://www.khabarhub.com/2020/04/148498/,"बजार,मूल्य,रकम,लिई,पेट्रोल,बिक्री,प्रहरी,पक्राउ,पक्राउ,चौतारा,साँगाचोकगढी,नगरपालि,मेलचौर,जयमाता,वनदेवी,फ्युल,सेन्टर,कर्मचारी,विजयनगर,गाउँपालि,महेशकुमार,चौधरी,रहे,कोरोना,भाइरस,जोखिम,न्यूनीकरण,सरकार,लागू,लकडाउन,बजार,मूल्य,प्रतिलिटर,दर,पेट्रोल,बेचि,चौधरी,पक्राउ,गरिए,प्रहरी,कार्यालय,प्रहरी,नायब,उपरीक्षक,माधवप्रसाद,काफ्ले,जानकारी,पेट्रोलपम्प,कार्यरत,कर्मचारी,बिल,नदिई,बजार,मूल्य,रकम,लिएर,पेट्रोल,बेच्दै,आइ,उन,पक्राउ,गरिए,प्रहरी,नायब,उपरीक्षक,काफ्ले"
23/04/2020,लकडाउनमा बढी मूल्य लिने ४ पसललाई कारबाही," काठमाडौं- लकडाउनको समयमा बढी मूल्यमा खाद्यान्न, मासु तथा फलफूल बिक्री वितरण गर्ने चार पसललाई कारवाहीस्वरुप आज जरिवाना गरिएको छ । वाणिज्य, आपूर्ति तथा उपभोक्ता संरक्षण विभागको टोलीले बजार अनुगमनका क्रममा लपु, महालक्ष्मी नगरपालिका वडा नम्बर १ इमाडोलस्थित कटुवाल स्टोर्सलाई रु दुई लाख जरिवाना गरिएको जनाएको छ । आयोडिन नुन बढी मूल्यमा बिक्री गरेको पाइएकाले सो पसललाई जरिवाना गरिएको विभागका अनुगमन निरीक्षक दीपक पोखरेलले जानकारी दिए । उनका अनुसार काठमाडौँ, ज्ञानेश्वरस्थित राजेन्द्र मिट सपमा मूल्यसूची नभएकाले रु पचास हजार जरिवाना गरिएको छ । त्यस्तै इमाडोलस्थित मुकेश जुस तथा फलफूल पसल र बाबुलाल फलफूल तथा तरकारी पसललाई मूल्यसूची नभएवापत रु ५०/५० हजार जरिवाना गरिएको छ । इमाडोलको बाबुलाल फलफूल तथा तरकारी पसलबाट रु पाँच हजार आठ सय मूल्य बराबरको खान अयोग्य तथा म्याद सकिएका सामान तत्काल नष्ट गर्न वा सम्बन्धित निकायमा फिर्ता गर्न लगाइएको उनले जानकारी दिए । उपभोक्ता संरक्षण ऐन, २०७५ बमोजिम सो जरिवाना गरिएको विभागले जनाएको छ ।",https://www.khabarhub.com/2020/23/155743/,"काठमाडौं,लकडाउन,मूल्य,खाद्यान्न,मासु,फलफूल,बिक्री,वितरण,पसल,कारवाहीस्वरुप,जरिवाना,गरिए,वाणिज्य,आपूर्ति,उपभोक्ता,संरक्षण,विभाग,टोली,बजार,अनुगमन,क्रम,लपु,महालक्ष्मी,नगरपालि,वडा,नम्बर,इमाडोल,कटुवाल,स्टोर्स,रु,जरिवाना,गरिए,जनाए,आयोडिन,नुन,मूल्य,बिक्री,पाइएका,पसल,जरिवाना,गरिए,विभाग,अनुगमन,निरीक्षक,दीपक,पोखरेल,जानकारी,उन,ज्ञानेश्वर,राजेन्द्र,मिट,सप,मूल्यसूची,नभएका,रु,पचास,जरिवाना,गरिए,इमाडोल,मुकेश,जुस,फलफूल,पसल,बाबुलाल,फलफूल,तरकारी,पसल,मूल्यसूची,नभएवापत,रु,जरिवाना,गरिए,इमाडोल,बाबुलाल,फलफूल,तरकारी,पसल,रु,मूल्य,बराबर,खान,अयोग्य,म्याद,सकिए,सामान,नष्ट,सम्बन्धित,निकाय,फिर्ता,लगाइए,उन,जानकारी,उपभोक्ता,संरक्षण,ऐन,जरिवाना,गरिए,विभाग,जनाए"
23/04/2020,सीमा सुरक्षाका लागि खटिएका सशस्त्र प्रहरीमाथि भारतीय नागरिकद्वारा आक्रमण, धनगढी– कैलालीको धनगढी उपमहानगरपालिकाअन्तर्गत नेपाल–भारत सीमा क्षेत्रमा खटिएका सुरक्षाकर्मीमाथि भारतीय नागरिकले आक्रमण गरेका छन् । नेपाली–भारत सीमा क्षेत्र कैलालीको धनगढी उपमहानगरपालिका–२ मन्दिरघाटमा खटिएका सशस्त्र प्रहरीमाथि भारतीयहरुले आक्रमण गरेका हुन् । सरकारले कोरोना भाइरसको संक्रमण फैलिन नदिन जारी गरेको लकडाउनको अवधिमा पनि भारतीयहरु नेपाल भित्रिन थालेपछि सीमा क्षेत्रमा सशस्त्र प्रहरीको गस्ती बढाइएको थियो । जसअन्तर्गत कैलालीका सीमावर्ती क्षेत्रमा पनि सशस्त्र प्रहरीको परिचालन बढाइएको थियो । सरकारले सीमा क्षेत्र खटाएअनुसार परिचालन भएका सशस्त्र प्रहरीका सुरक्षाकर्मीमाथि मंगलबार भारतीय नागरिकहरुले आक्रमण गरेका हुन् । सीमावर्ती भारतीय गाउँ वनगाउँका थारु समुदायका व्यक्तिहरुले सशस्त्र प्रहरीमाथि आक्रमण गरेका जिल्ला प्रहरी कार्यालय कैलालीले जानकारी दिएको छ । जिल्ला प्रशासन कार्यालय कैलालीका अनुसार भारतीयको आक्रमणबाट सशस्त्र प्रहरीका एकजना कर्मचारीको आँखामा चोट लागेको थियो । उनको कैलालीको गेटास्थित आँखा अस्पतालमा उपचार भएको जनाइएको छ ।,https://www.khabarhub.com/2020/23/155640/,"धनगढी,कैलाली,धनगढी,उपमहानगरपालिकाअन्तर्गत,भारत,सीमा,क्षेत्र,खटिए,सुरक्षाकर्मी,भारतीय,नागरिक,आक्रमण,नेपाली,भारत,सीमा,क्षेत्र,कैलाली,धनगढी,उपमहानगरपालि,मन्दिरघाट,खटिए,सशस्त्र,प्रहरी,भारतीय,आक्रमण,सरकार,कोरोना,भाइरस,संक्रमण,फैलिन,नदिन,जारी,लकडाउन,अवधि,भारतीय,भित्रिन,थाले,सीमा,क्षेत्र,सशस्त्र,प्रहरी,गस्ती,बढाइए,जसअन्तर्गत,कैलाली,सीमावर्ती,क्षेत्र,सशस्त्र,प्रहरी,परिचालन,बढाइए,सरकार,सीमा,क्षेत्र,खटाए,परिचालन,सशस्त्र,प्रहरी,सुरक्षाकर्मी,मंगलबार,भारतीय,नागरिक,आक्रमण,सीमावर्ती,भारतीय,गाउँ,वनगाउँ,थारु,समुदाय,व्यक्ति,सशस्त्र,प्रहरी,आक्रमण,प्रहरी,कार्यालय,कैलाली,जानकारी,प्रशासन,कार्यालय,कैलाली,भारतीय,आक्रमण,सशस्त्र,प्रहरी,एकजना,कर्मचारी,आँखा,चोट,लागे,उन,कैलाली,गेटा,आँखा,अस्पताल,उपचार,जनाइए"
22/04/2020,बालिकामाथि बलात्कार गरेको आरोपमा २ जना पक्राउ,साङ्केतिक तस्वीर वाणगङ्गा– कपिलवस्तुको वाणगङ्गा नगरपालिका वडा नं ४ मा बालिकामाथि बलात्कार गरेको आरोपमा प्रहरीले आज २ जनालाई पक्राउ गरेको छ । पक्राउ पर्नेमा ४५ वर्षीय र १७ वर्षीय युवक छन् । ती दुवै छिमेकी हुन् । अभियुक्तको नाम प्रहरीले गोप्य राखेको छ । प्रलोभनमा पारेर पाँच वर्षदेखि बालिकामाथि बलात्कार भएको पीडित परिवारले जनाएको छ । स्थानीयवासीले बन्दाबन्दी भए पनि घर बाहिर आई न्यायका लागि आवाज उठाएका छन् । पीडितहरुले अपराध गर्नुभन्दा पनि सहनु गलत भएको जनाउँदै उनीहरुलाई कारवाहीको माग गरेका छन् ।,https://www.khabarhub.com/2020/22/155060/,"साङ्केतिक,तस्वीर,वाणगङ्गा,वाणगङ्गा,नगरपालि,वडा,नं,बालिका,बलात्कार,आरोप,प्रहरी,पक्राउ,पक्राउ,वर्षीय,वर्षीय,युवक,दुवै,छिमे,अभियुक्त,नाम,प्रहरी,गोप्य,प्रलोभन,पारेर,वर्ष,बालिका,बलात्कार,पीडित,परिवार,जनाए,स्थानीयवासी,बन्दाबन्दी,आई,न्याय,आवाज,उठाए,पीडित,अपराध,सहनु,गलत,जनाउँदै,कारवाही,माग"
09/04/2020,"राहत बाँड्न पुगेका जनप्रतिनिधिमाथि हातपात, दुई जना पक्राउ", झापा- कोरोना भाइरसको संक्रमण फैलन नदिन लकडाउन गरिएपछि समस्यामा परेका विपन्न वर्गका परिवारलाई राहत वितरणका लागि पुगेका जनप्रतिनिधिमाथि हातपात भएको छ । झापाको गौरीगञ्ज गाउँपालिका- २ मा विपन्न वर्गका परिवारलाई राहत बाँड्न पुगेका जनप्रतिनिधिमाथि हातपात भएको हो । वडा नम्बर २ स्थित हेम्नाडांगी सतार बस्तीमा राहत बाँड्न पुगेका वडा सदस्य अरुणकुमार राजवंशीमाथि बुधबार साँझ हातपात भएको प्रहरीले जनाएको छ । वडा सदस्य राजवंशीमाथि हातपात गरेको आरोपमा सोही ठाउँका सोम मुर्मु र अन्य एक जनालाई प्रहरीले पक्राउ गरेको छ । वडा कार्यालयले गरेको लगत सङ्कलनमा विपन्न परिवारको नाम छुटाएको भन्दै वडा सदस्य राजवंशीमाथि उनीहरूले हातपात गरेका थिए । वडा कार्यालयले बुधबार बिपन्न परिवारलाई राहत वितरण गरेको छ भने यसअघि चार सय पाँच परिवारलाई राहत वितरण गरिएको थियो ।,https://www.khabarhub.com/2020/09/150193/,"कोरोना,भाइरस,संक्रमण,फैलन,नदिन,लकडाउन,गरिए,समस्या,परे,विपन्न,वर्ग,परिवार,राहत,वितरण,पुगे,जनप्रतिनिधि,हातपात,गौरीगञ्ज,गाउँपालि,विपन्न,वर्ग,परिवार,राहत,बाँड्न,पुगे,जनप्रतिनिधि,हातपात,वडा,नम्बर,हेम्नाडांगी,सतार,बस्ती,राहत,बाँड्न,पुगे,वडा,सदस्य,अरुणकुमार,राजवंशी,बुधबार,साँझ,हातपात,प्रहरी,जनाए,वडा,सदस्य,राजवंशी,हातपात,आरोप,ठाउँ,सोम,मुर्मु,प्रहरी,पक्राउ,वडा,कार्यालय,लगत,सङ्कलन,विपन्न,परिवार,नाम,छुटाए,वडा,सदस्य,राजवंशी,हातपात,वडा,कार्यालय,बुधबार,बिपन्न,परिवार,राहत,वितरण,परिवार,राहत,वितरण,गरिए"
08/04/2020,मेयरले मास्क वितरणमा पनि राजनीति गरेको भन्दै विरोध," जोगबुढा– डडेल्धुराको परशुराम नगरपालिकामा मास्क वितरणका लागि नगरप्रमुखले पार्टी कार्यकर्तालाई जिम्मा दिएको भन्दै वडाध्यक्षहरुले विरोध जनाएका छन् । आफ्नै वडामा मास्क वितरण भईरहदा आफुहरु अनविज्ञ रहेको वडाध्यक्षहरुको भनाइ छ । संघीय सरकारले नै हरेक क्षेत्रबाट प्राप्त राहत सामाग्री जनप्रतिनिधिमार्फत वितरण गर्ने निर्णय गरी सर्कुल जारी गरे पनि नगरप्रमुख भीमबहादुर साउँदले आफू निकटका व्यक्ति तथा पार्टीका कार्यकर्ताहरुलाई परिचालन गरेको वडाध्यक्षहरुको आरोप छ । परशुराम नगरपालिका वडा नम्बर ९ का अध्यक्ष रमेश बोहरा कोरोनाको संक्रमण फैलिन नदिन र जनतालाई सचेत बनाउन एकद्वार प्रणालीमार्फत राहत तथा अन्य अत्यावश्यक सामग्री वितरण गरिनुपर्ने बताउँछन् । तर, नगर प्रमुखले नै केन्द्र सरकारको निर्णयको समेत बेवास्ता गरी वडाहरुमा मास्क वितरण गर्नका लागि आफ्नो पार्टीका कार्यकर्ता परिचालन गरेको उनको भनाइ छ । परशुराम नगरपालिका वडा नम्बर ४ मा नरेन्द्र बहादुर चन्द, वडा नम्बर ७ मा लक्ष्मण भट्ट, वडा नम्बर ८ मा मनोज कार्की र वडा नम्बर ९ मा मन्दीर सिंह बोहराले मास्क वितरण गरिरहेको स्थानीयले जानकारी दिएका छन् । संघिय सरकारले कार्यविधी निर्माण गरि व्यक्तिगत रुपमा राहत तथा अन्य सामाग्री वितरणमा रोक लगाएको छ । जिल्ला प्रशासन कार्यालय डडेल्धुराले चैत्र १८ गते सार्वजनिक रुपमा अपिल गर्दै व्यक्तिगत रुपमा राहत तथा अन्य सामग्री वितरण नगर्न र कसैले दिन चाहेमा स्थानिय सरकारसंग समन्वय गर्न निर्देशन समेत दिएको छ । राहत तथा अन्य सामग्री सरकारी संयन्त्र मार्फत मात्रै वितरण गर्नुपर्ने भनिएपनि नगरप्रमुख बाटै यसको उलंघन हुनु गतल भएको परशुराम नगरपालिका वडा नं. ८ का अध्यक्ष गोविन्द बोहराको भनाइ छ । वडा नम्बर ७ का अध्यक्ष केशव बोहरा भने नगरप्रमुखले राहात वितरणमा समेत राजनीति गरेको बताउँछन् । ‘बरु केही युवा साथीहरुले वडा कार्यालयलाई केही सामाग्री हस्तान्तरण गरेछन्, हामी त्यसको लगत राखेर यहाँको क्वारेन्टाईनमा भएका व्यक्तिहरुलाई उपलब्ध गराएका छौँ,’ वडाध्यक्ष बोहोराले भने । नगर प्रमुख साउदले भने आफ्नो व्यक्तिगत खर्चबाट वडाहरुमा मास्क वितरण गरेको बताउँछन् । ‘मास्कहरु कार्यकर्तालाई मात्र दिनुस भनेको छैन्,’ नगरप्रमुख साउँदले भने ‘पार्टीका साथीहरुले केहीदिन अगाडिदखि नै लगेर वितरण गरेका हुन् । अहिले त्यसो छैन ।’ साउँद नेपाली कांग्रेसबाट परशुराम नगरपालिकाको प्रमुखमा निर्वाचित भएका हुन् ।",https://www.khabarhub.com/2020/08/149881/,"जोगबुढा,परशुराम,मास्क,वितरण,नगरप्रमुख,पार्टी,कार्यकर्ता,जिम्मा,वडाध्यक्ष,विरोध,जनाए,वडा,मास्क,वितरण,भईरहदा,आफु,अनविज्ञ,रहे,वडाध्यक्ष,भनाइ,संघीय,सरकार,क्षेत्र,प्राप्त,राहत,सामाग्री,जनप्रतिनिधि,वितरण,निर्णय,सर्कुल,जारी,नगरप्रमुख,भीमबहादुर,साउँद,व्यक्ति,पार्टी,कार्यकर्ता,परिचालन,वडाध्यक्ष,आरोप,परशुराम,नगरपालि,वडा,नम्बर,अध्यक्ष,रमेश,बोहरा,कोरोना,संक्रमण,फैलिन,नदिन,जनता,सचेत,बनाउन,एकद्वार,प्रणाली,राहत,अत्यावश्यक,सामग्री,वितरण,गरिनु,बताउँछन्,नगर,प्रमुख,केन्द्र,सरकार,निर्णय,बेवास्ता,वडा,मास्क,वितरण,पार्टी,कार्य,परिचालन,उन,भनाइ,परशुराम,नगरपालि,वडा,नम्बर,नरेन्द्र,बहादुर,चन्द,वडा,नम्बर,लक्ष्मण,भट्ट,वडा,नम्बर,मनोज,कार्,वडा,नम्बर,मन्दीर,सिंह,बोहरा,मास्क,वितरण,स्थानीय,जानकारी,संघिय,सरकार,कार्यविधी,निर्माण,व्यक्तिगत,रुप,राहत,सामाग्री,वितरण,रोक,लगाए,प्रशासन,कार्यालय,चैत्र,गते,सार्वजनिक,रुप,अपिल,व्यक्तिगत,रुप,राहत,सामग्री,वितरण,नगर्न,चाहे,स्थानिय,सरकार,समन्वय,निर्देशन,राहत,सामग्री,सरकारी,संयन्त्र,वितरण,भनिए,नगरप्रमुख,उलंघन,गतल,परशुराम,नगरपालि,वडा,नं,अध्यक्ष,गोविन्द,बोहरा,भनाइ,वडा,नम्बर,अध्यक्ष,केशव,बोहरा,नगरप्रमुख,राहात,वितरण,राजनीति,बताउँछन्,युवा,साथी,वडा,कार्यालय,सामाग्री,हस्तान्तरण,गरेछन्,लगत,राखेर,क्वारेन्टाईन,व्यक्ति,उपलब्ध,गराए,छौँ,वडाध्यक्ष,बोहोरा,नगर,प्रमुख,साउद,व्यक्तिगत,खर्च,वडा,मास्क,वितरण,बताउँछन्,मास्कहरु,कार्यकर्ता,दिनुस,छैन्,नगरप्रमुख,साउँद,पार्टीका,साथी,केहीदिन,अगाडिदखि,लगेर,वितरण,साउँद,नेपाली,कांग्रेस,परशुराम,प्रमुख,निर्वाचित"
06/04/2020,अस्पतालले उपचार गर्न नमान्दा कपिलवस्तुमा विरामीको मृत्यु, कपिलवस्तु – कपिलवस्तुको यशोधरा गाउँपालिका वडा नं. ६ रंगपुरकी अन्दाजी ३६ बर्षीया कलामुननिशाको अस्पतालले उपचार गर्न नमान्दा मृत्यु भएको छ । आइतबार राति ज्वरोले च्यापेपछि निशालाई निजि सवारीसाधनको सहायताले कपिलवस्तु अस्पताल तौलिहवा ल्याइएको थियो । तर त्यहाँ पूर्णउपचार हुन नसकेपछि भैरहवा मेडिकल कलेजमा उपचारका लागि रेफर गरिएकोमा त्यहाँ भर्ना गर्न नमान्दा निशाको उपचार अभावमा मृत्यु भएको आफन्तले जनाएका छन् । भैरहवा मेडिकल कलेजले पनि उनलाई भर्ना नलिएपछि पुनः कपिलवस्तु अस्पताल ल्याइएको थियो । तर उनको अस्पताल परिसरबाटै चिकित्सकले मृत घोषणा गरिदिएको वडा अध्यक्ष श्याम नरायाण उपाध्यायले जानकारी दिए । मृतक निशालाई तीन दिन पहिला सामान्य ज्वरो आएर तौलिहवास्थित एक मेडिकलबाट औषधि खुवाइएको बताइएको छ । कपिलवस्तु अस्पतालका मेसु डा. किशोर बञ्जाडले भने बिरामी ल्याएको तर उनको एम्बुलेन्समा नै मृत्यु भएको परिवारलाई जानकारी गराएको बताएका छन् । कपिलवस्तुका प्रमुख जिल्ला अधिकारी दीर्घनारायण पौडेलले कपिलवस्तु अस्पतालमा निशाको उपचार भएपनि भैरहवामा के कारणले भर्ना गरिएन भन्नेबारे जानकारी नभएको बताएका छन् ।,https://www.khabarhub.com/2020/06/149246/,"यशोधरा,गाउँपालि,वडा,नं,रंगपुर,अन्दाजी,बर्षीया,कलामुननिशा,अस्पताल,उपचार,नमान्दा,मृत्यु,आइतबार,राति,ज्वरो,च्यापे,निशा,निजि,सवारीसाधन,सहायता,अस्पताल,तौलिहवा,ल्याइए,पूर्णउपचार,नसके,भैरहवा,मेडिकल,कलेज,उपचार,रेफर,गरिएको,भर्ना,नमान्दा,निशा,उपचार,अभाव,मृत्यु,आफन्त,जनाए,भैरहवा,मेडिकल,कलेज,उन,भर्ना,नलिए,पुनः,अस्पताल,ल्याइए,उन,अस्पताल,परिसर,चिकित्सक,मृत,घोषणा,गरिदिए,वडा,अध्यक्ष,श्याम,नरायाण,उपाध्याय,जानकारी,मृतक,निशा,पहिला,सामान्य,ज्वरो,आएर,तौलिहवा,मेडिकल,औषधि,खुवाइए,बताइए,अस्पताल,मेसु,डा,किशोर,बञ्जाड,बिरामी,ल्याए,उन,एम्बुलेन्स,मृत्यु,परिवार,जानकारी,गराए,प्रमुख,अधिकारी,दीर्घनारायण,पौडेल,अस्पताल,निशा,उपचार,भैरहवा,भर्ना,गरिएन,जानकारी,नभए"
29/03/2020,"तनहुँमा कुमाल र कुसुमे टोलका स्थानीयबीच झडप, ८ जना घाइते"," तनहुँ- तनहुँको व्यास नगरपालिका–९ स्थित मासफाँट (कुमाल गाउँ टोल) र वडा नं कै ९ स्थित मध्यमासफाँट (कुसुमे) टोलका स्थानीयबीच आज झगडा हुँदा आठ जना घाइते भएका छन् । कोभिड–१९ को जोखिम नियन्त्रणका लागि लकडाउन भएको अवस्थामा फुटबल खेल्ने क्रममा विवाद भएपछि भएको झगडामा परी कुमाल टोलका आठ जना घाइते भएका हुन् । कुसुमे टोलका व्यक्तिहरुले कुटपिट गर्दा कुमाल टोलका ६५ वर्षीय वुद्धिबहादुर कुमालसहित आठ जना घाइते भएको जिल्ला प्रहरी कार्यालय तनहुँका प्रहरी नायब उपरीक्षक लीलाराज लामिछानेले जानकारी दिए । कुमालको दमौलीस्थित रत्नहरि अस्पतालमा उपचार भइरहेको र अन्यको अवस्था सामान्य रहेको प्रहरीले जनाएको छ । कुटपिट गरेको अभियोगमा प्रहरीले कुसुमे टोलका तीन जनालाई नियन्त्रणमा लिएको छ । “फुटबल खेल्ने क्रममा विवाद भएपछि मास्दी टोलका स्थानीयले कुमाल टोलका स्थानीयलाई कुटपिट गरेका रहेछन्”, प्रनाउ लामिछानेले भने, “पछि कुमाल टोल नै उर्लिएर मध्यमासफाँट टोलका व्यक्तिहरुलाई लखेटेका रहेछन् ।”",https://www.khabarhub.com/2020/27/146177/,"व्यास,नगरपालि,मासफाँट,कुमाल,गाउँ,टोल,वडा,नं,मध्यमासफाँट,कुसुमे,टोल,स्थानीय,झगडा,हुँदा,घाइते,कोभिड,जोखिम,नियन्त्रण,लकडाउन,फुटबल,खेल्ने,क्रम,विवाद,झगडा,परी,कुमाल,टोल,घाइते,कुसुमे,टोल,व्यक्ति,कुटपिट,कुमाल,टोल,वर्षीय,वुद्धिबहादुर,कुमाल,घाइते,प्रहरी,कार्यालय,प्रहरी,नायब,उपरीक्षक,लीलाराज,लामिछाने,जानकारी,कुमाल,दमौली,रत्नहरि,अस्पताल,उपचार,भइ,सामान्य,रहे,प्रहरी,जनाए,कुटपिट,अभियोग,प्रहरी,कुसुमे,टोल,नियन्त्रण,लिए,“फुटबल,खेल्ने,क्रम,विवाद,मास्दी,टोल,स्थानीय,कुमाल,टोल,स्थानीय,कुटपिट,रहेछन्”,प्रनाउ,लामिछाने,“पछि,कुमाल,टोल,उर्लिएर,मध्यमासफाँट,टोल,व्यक्ति,लखेटे,रहेछन्,”"
